DELETE FROM PURCHASE_LOG;
DELETE FROM PART_STORE;
DELETE FROM PART_TYPE;
DELETE FROM CAR_MODEL_REPAIR_ADVICE;
DELETE FROM CAR_MODEL_REPAIR_PRICE;
DELETE FROM CAR_REPAIR_PRICE;
DELETE FROM CAR_MODEL_REPAIR_PRICE;
DELETE FROM CAR_REPAIR_ADVICE;
DELETE FROM CAR_MODEL_REPAIR_SECTION;
DELETE FROM CAR_REPAIR_SECTION;
DELETE FROM ACCOUNT_CAR;
DELETE FROM CAR_REPAIR_ACCOUNT_PROPERTY;
DELETE FROM ACCOUNT_CAR;
DELETE FROM ORDER_WORK;
DELETE FROM ORDER_PART;
DELETE FROM REPAIR_ORDER;
DELETE FROM COMPANY_ACCOUNT;
DELETE FROM REPAIR_COMPANY;
DELETE FROM CAR_MODEL;
DELETE FROM CAR_MARK;
DELETE FROM CAR_REPAIR_ACCOUNT;
DELETE FROM CAR_REPAIR_ACCOUNT_ROLE;

INSERT INTO REPAIR_COMPANY (COMPANY_NAME, COUNTRY, CITY, DISTRICT, STREET, HOUSE, PHONE, EMAIL, SITE, OTHER) VALUES ('VETEROK', 'Россия','Пермь','Мотовилихинский','Новгородская 2-я','108','2343233','mail@avtoservis.ru','2343233.ru','2324324/324324324');
INSERT INTO REPAIR_COMPANY (COMPANY_NAME, COUNTRY, CITY, DISTRICT, STREET, HOUSE, PHONE, EMAIL, SITE, OTHER) VALUES ('THUNDER','Россия','Пермь','Мотовилихинский','Новгородская 2-я','108','2343233','mail@avtoservis.ru','2343233.ru','2324324/324324324');

/*Create 3 roles*/
INSERT INTO CAR_REPAIR_ACCOUNT_ROLE (CAR_REPAIR_ACCOUNT_ROLE_ID, CAR_REPAIR_ACCOUNT_ROLE_NAME) VALUES (1, 'ROLE_MANAGER');
INSERT INTO CAR_REPAIR_ACCOUNT_ROLE (CAR_REPAIR_ACCOUNT_ROLE_ID, CAR_REPAIR_ACCOUNT_ROLE_NAME) VALUES (2, 'ROLE_MASTER');
INSERT INTO CAR_REPAIR_ACCOUNT_ROLE (CAR_REPAIR_ACCOUNT_ROLE_ID, CAR_REPAIR_ACCOUNT_ROLE_NAME) VALUES (3, 'ROLE_CLIENT');

/*Create 3 accounts*/
INSERT INTO car_repair_account (car_repair_account_name, car_repair_account_password, car_repair_account_role_id) VALUES ('OLEG', '1d42e489080c01a08366a2033bd4a1af320eab9ea871d77b023db8cdaf49f1b994154f4393b77c14', 1);
INSERT INTO car_repair_account (car_repair_account_name, car_repair_account_password, car_repair_account_role_id) VALUES ('ARTUR', '1d42e489080c01a08366a2033bd4a1af320eab9ea871d77b023db8cdaf49f1b994154f4393b77c14', 1);
INSERT INTO car_repair_account (car_repair_account_name, car_repair_account_password, car_repair_account_role_id) VALUES ('ZAKOPTELOV', 'pass1!', 2);
INSERT INTO car_repair_account (car_repair_account_name, car_repair_account_password, car_repair_account_role_id) VALUES ('STRELKOV', 'pass1!', 2);
INSERT INTO car_repair_account (car_repair_account_name, car_repair_account_password, car_repair_account_role_id) VALUES ('ZIGULEV', 'pass1!', 2);
INSERT INTO car_repair_account (car_repair_account_name, car_repair_account_password, car_repair_account_role_id) VALUES ('VASHKARIN', 'pass1!', 2);
INSERT INTO car_repair_account (car_repair_account_name, car_repair_account_password, car_repair_account_role_id) VALUES ('OSIPOV', 'pass1!', 2);
INSERT INTO car_repair_account (car_repair_account_name, car_repair_account_password, car_repair_account_role_id) VALUES ('SAMOYLOV', '1d42e489080c01a08366a2033bd4a1af320eab9ea871d77b023db8cdaf49f1b994154f4393b77c14', 1);
INSERT INTO car_repair_account (car_repair_account_name, car_repair_account_password, car_repair_account_role_id) VALUES ('89082563290', '89082563290', 3);
INSERT INTO car_repair_account (car_repair_account_name, car_repair_account_password, car_repair_account_role_id) VALUES ('89091141902', '89091141902', 3);
INSERT INTO car_repair_account (car_repair_account_name, car_repair_account_password, car_repair_account_role_id) VALUES ('89194888900', '89194888900', 3);
INSERT INTO car_repair_account (car_repair_account_name, car_repair_account_password, car_repair_account_role_id) VALUES ('89091105540', '89091105540', 3);
INSERT INTO car_repair_account (car_repair_account_name, car_repair_account_password, car_repair_account_role_id) VALUES ('89028304296', '89028304296', 3);
INSERT INTO car_repair_account (car_repair_account_name, car_repair_account_password, car_repair_account_role_id) VALUES ('89655555943', '89655555943', 3);
INSERT INTO car_repair_account (car_repair_account_name, car_repair_account_password, car_repair_account_role_id) VALUES ('89226452889', '89226452889', 3);
INSERT INTO car_repair_account (car_repair_account_name, car_repair_account_password, car_repair_account_role_id) VALUES ('89026334936', '89026334936', 3);
INSERT INTO car_repair_account (car_repair_account_name, car_repair_account_password, car_repair_account_role_id) VALUES ('89655680903', '89655680903', 3);
INSERT INTO car_repair_account (car_repair_account_name, car_repair_account_password, car_repair_account_role_id) VALUES ('89824536737', '89824536737', 3);
INSERT INTO car_repair_account (car_repair_account_name, car_repair_account_password, car_repair_account_role_id) VALUES ('89226422780', '89226422780', 3);
INSERT INTO car_repair_account (car_repair_account_name, car_repair_account_password, car_repair_account_role_id) VALUES ('89226427237', '89226427237', 3);
INSERT INTO car_repair_account (car_repair_account_name, car_repair_account_password, car_repair_account_role_id) VALUES ('89226462115', '89226462115', 3);
INSERT INTO car_repair_account (car_repair_account_name, car_repair_account_password, car_repair_account_role_id) VALUES ('89526526080', '89526526080', 3);
INSERT INTO car_repair_account (car_repair_account_name, car_repair_account_password, car_repair_account_role_id) VALUES ('89024751593', '89024751593', 3);
INSERT INTO car_repair_account (car_repair_account_name, car_repair_account_password, car_repair_account_role_id) VALUES ('89223470592', '89223470592', 3);
INSERT INTO car_repair_account (car_repair_account_name, car_repair_account_password, car_repair_account_role_id) VALUES ('89097268229', '89097268229', 3);
INSERT INTO car_repair_account (car_repair_account_name, car_repair_account_password, car_repair_account_role_id) VALUES ('89082731558', '89082731558', 3);
INSERT INTO car_repair_account (car_repair_account_name, car_repair_account_password, car_repair_account_role_id) VALUES ('89194855630', '89194855630', 3);
INSERT INTO car_repair_account (car_repair_account_name, car_repair_account_password, car_repair_account_role_id) VALUES ('89124897990', '89124897990', 3);
INSERT INTO car_repair_account (car_repair_account_name, car_repair_account_password, car_repair_account_role_id) VALUES ('89128822794', '89128822794', 3);
INSERT INTO car_repair_account (car_repair_account_name, car_repair_account_password, car_repair_account_role_id) VALUES ('89922168571', '89922168571', 3);
INSERT INTO car_repair_account (car_repair_account_name, car_repair_account_password, car_repair_account_role_id) VALUES ('89223043229', '89223043229', 3);
INSERT INTO car_repair_account (car_repair_account_name, car_repair_account_password, car_repair_account_role_id) VALUES ('89194653927', '89194653927', 3);
INSERT INTO car_repair_account (car_repair_account_name, car_repair_account_password, car_repair_account_role_id) VALUES ('89048459949', '89048459949', 3);
INSERT INTO car_repair_account (car_repair_account_name, car_repair_account_password, car_repair_account_role_id) VALUES ('89638607141', '89638607141', 3);
INSERT INTO car_repair_account (car_repair_account_name, car_repair_account_password, car_repair_account_role_id) VALUES ('89197037749', '89197037749', 3);
INSERT INTO car_repair_account (car_repair_account_name, car_repair_account_password, car_repair_account_role_id) VALUES ('89091113233', '89091113233', 3);
INSERT INTO car_repair_account (car_repair_account_name, car_repair_account_password, car_repair_account_role_id) VALUES ('89526464006', '89526464006', 3);
INSERT INTO car_repair_account (car_repair_account_name, car_repair_account_password, car_repair_account_role_id) VALUES ('89026307707', '89026307707', 3);
INSERT INTO car_repair_account (car_repair_account_name, car_repair_account_password, car_repair_account_role_id) VALUES ('ООО НИКТРЕЙД', 'ООО НИКТРЕЙД', 3);
INSERT INTO car_repair_account (car_repair_account_name, car_repair_account_password, car_repair_account_role_id) VALUES ('00000000000', '00000000000', 3);
INSERT INTO car_repair_account (car_repair_account_name, car_repair_account_password, car_repair_account_role_id) VALUES ('89638700808', '89638700808', 3);
INSERT INTO car_repair_account (car_repair_account_name, car_repair_account_password, car_repair_account_role_id) VALUES ('89028070000', '89028070000', 3);
INSERT INTO car_repair_account (car_repair_account_name, car_repair_account_password, car_repair_account_role_id) VALUES ('89194999192', '89194999192', 3);
INSERT INTO car_repair_account (car_repair_account_name, car_repair_account_password, car_repair_account_role_id) VALUES ('89068885402', '89068885402', 3);
INSERT INTO car_repair_account (car_repair_account_name, car_repair_account_password, car_repair_account_role_id) VALUES ('89504654979', '89504654979', 3);
INSERT INTO car_repair_account (car_repair_account_name, car_repair_account_password, car_repair_account_role_id) VALUES ('89058607562', '89058607562', 3);
INSERT INTO car_repair_account (car_repair_account_name, car_repair_account_password, car_repair_account_role_id) VALUES ('89504408041', '89504408041', 3);
INSERT INTO car_repair_account (car_repair_account_name, car_repair_account_password, car_repair_account_role_id) VALUES ('89129805221', '89129805221', 3);
INSERT INTO car_repair_account (car_repair_account_name, car_repair_account_password, car_repair_account_role_id) VALUES ('89526632306', '89526632306', 3);
INSERT INTO car_repair_account (car_repair_account_name, car_repair_account_password, car_repair_account_role_id) VALUES ('89194563321', '89194563321', 3);
INSERT INTO car_repair_account (car_repair_account_name, car_repair_account_password, car_repair_account_role_id) VALUES ('89091063553', '89091063553', 3);
INSERT INTO car_repair_account (car_repair_account_name, car_repair_account_password, car_repair_account_role_id) VALUES ('89655681601', '89655681601', 3);
INSERT INTO car_repair_account (car_repair_account_name, car_repair_account_password, car_repair_account_role_id) VALUES ('89194443225', '89194443225', 3);
INSERT INTO car_repair_account (car_repair_account_name, car_repair_account_password, car_repair_account_role_id) VALUES ('89194533634', '89194533634', 3);
INSERT INTO car_repair_account (car_repair_account_name, car_repair_account_password, car_repair_account_role_id) VALUES ('89223195042', '89223195042', 3);
INSERT INTO car_repair_account (car_repair_account_name, car_repair_account_password, car_repair_account_role_id) VALUES ('89223402527', '89223402527', 3);
INSERT INTO car_repair_account (car_repair_account_name, car_repair_account_password, car_repair_account_role_id) VALUES ('89124636602', '89124636602', 3);
INSERT INTO car_repair_account (car_repair_account_name, car_repair_account_password, car_repair_account_role_id) VALUES ('89091162940', '89091162940', 3);
INSERT INTO car_repair_account (car_repair_account_name, car_repair_account_password, car_repair_account_role_id) VALUES ('89028358897', '89028358897', 3);
INSERT INTO car_repair_account (car_repair_account_name, car_repair_account_password, car_repair_account_role_id) VALUES ('89194926759', '89194926759', 3);
INSERT INTO car_repair_account (car_repair_account_name, car_repair_account_password, car_repair_account_role_id) VALUES ('89526599005', '89526599005', 3);
INSERT INTO car_repair_account (car_repair_account_name, car_repair_account_password, car_repair_account_role_id) VALUES ('89526599005', '89526599005', 3);
INSERT INTO car_repair_account (car_repair_account_name, car_repair_account_password, car_repair_account_role_id) VALUES ('89824842967', '89824842967', 3);
INSERT INTO car_repair_account (car_repair_account_name, car_repair_account_password, car_repair_account_role_id) VALUES ('89655559807', '89655559807', 3);
INSERT INTO car_repair_account (car_repair_account_name, car_repair_account_password, car_repair_account_role_id) VALUES ('89082603353', '89082603353', 3);
INSERT INTO car_repair_account (car_repair_account_name, car_repair_account_password, car_repair_account_role_id) VALUES ('89194614493', '89194614493', 3);
INSERT INTO car_repair_account (car_repair_account_name, car_repair_account_password, car_repair_account_role_id) VALUES ('89526445288', '89526445288', 3);
INSERT INTO car_repair_account (car_repair_account_name, car_repair_account_password, car_repair_account_role_id) VALUES ('89194927247', '89194927247', 3);
INSERT INTO car_repair_account (car_repair_account_name, car_repair_account_password, car_repair_account_role_id) VALUES ('89523354736', '89523354736', 3);
INSERT INTO car_repair_account (car_repair_account_name, car_repair_account_password, car_repair_account_role_id) VALUES ('89523351931', '89523351931', 3);
INSERT INTO car_repair_account (car_repair_account_name, car_repair_account_password, car_repair_account_role_id) VALUES ('89097317124', '89097317124', 3);
INSERT INTO car_repair_account (car_repair_account_name, car_repair_account_password, car_repair_account_role_id) VALUES ('89194477086', '89194477086', 3);
INSERT INTO car_repair_account (car_repair_account_name, car_repair_account_password, car_repair_account_role_id) VALUES ('89504610744', '89504610744', 3);
INSERT INTO car_repair_account (car_repair_account_name, car_repair_account_password, car_repair_account_role_id) VALUES ('89082713162', '89082713162', 3);
INSERT INTO car_repair_account (car_repair_account_name, car_repair_account_password, car_repair_account_role_id) VALUES ('898224372330', '898224372330', 3);
INSERT INTO car_repair_account (car_repair_account_name, car_repair_account_password, car_repair_account_role_id) VALUES ('89641972200', '89641972200', 3);
INSERT INTO car_repair_account (car_repair_account_name, car_repair_account_password, car_repair_account_role_id) VALUES ('89523349684', '89523349684', 3);
INSERT INTO car_repair_account (car_repair_account_name, car_repair_account_password, car_repair_account_role_id) VALUES ('89048494000', '89048494000', 3);
INSERT INTO car_repair_account (car_repair_account_name, car_repair_account_password, car_repair_account_role_id) VALUES ('89824473230', '89824473230', 3);
INSERT INTO car_repair_account (car_repair_account_name, car_repair_account_password, car_repair_account_role_id) VALUES ('89822530007', '89822530007', 3);
INSERT INTO car_repair_account (car_repair_account_name, car_repair_account_password, car_repair_account_role_id) VALUES ('89526633030', '89526633030', 3);
INSERT INTO car_repair_account (car_repair_account_name, car_repair_account_password, car_repair_account_role_id) VALUES ('89822300124', '89822300124', 3);
INSERT INTO car_repair_account (car_repair_account_name, car_repair_account_password, car_repair_account_role_id) VALUES ('89194893009', '89194893009', 3);
INSERT INTO car_repair_account (car_repair_account_name, car_repair_account_password, car_repair_account_role_id) VALUES ('89526489548', '89526489548', 3);
INSERT INTO car_repair_account (car_repair_account_name, car_repair_account_password, car_repair_account_role_id) VALUES ('8912578904', '8912578904', 3);
INSERT INTO car_repair_account (car_repair_account_name, car_repair_account_password, car_repair_account_role_id) VALUES ('89519370827', '89519370827', 3);
INSERT INTO car_repair_account (car_repair_account_name, car_repair_account_password, car_repair_account_role_id) VALUES ('89194487637', '89194487637', 3);
INSERT INTO car_repair_account (car_repair_account_name, car_repair_account_password, car_repair_account_role_id) VALUES ('89124887771', '89124887771', 3);
INSERT INTO car_repair_account (car_repair_account_name, car_repair_account_password, car_repair_account_role_id) VALUES ('89082438075', '89082438075', 3);
INSERT INTO car_repair_account (car_repair_account_name, car_repair_account_password, car_repair_account_role_id) VALUES ('89922008878', '89922008878', 3);
INSERT INTO car_repair_account (car_repair_account_name, car_repair_account_password, car_repair_account_role_id) VALUES ('89068881258', '89068881258', 3);
INSERT INTO car_repair_account (car_repair_account_name, car_repair_account_password, car_repair_account_role_id) VALUES ('89028003732', '89028003732', 3);
INSERT INTO car_repair_account (car_repair_account_name, car_repair_account_password, car_repair_account_role_id) VALUES ('89125901194', '89125901194', 3);
INSERT INTO car_repair_account (car_repair_account_name, car_repair_account_password, car_repair_account_role_id) VALUES ('89091009950', '89091009950', 3);
INSERT INTO car_repair_account (car_repair_account_name, car_repair_account_password, car_repair_account_role_id) VALUES ('89129813073', '89129813073', 3);
INSERT INTO car_repair_account (car_repair_account_name, car_repair_account_password, car_repair_account_role_id) VALUES ('2638391', '2638391', 3);
INSERT INTO car_repair_account (car_repair_account_name, car_repair_account_password, car_repair_account_role_id) VALUES ('89194938663', '89194938663', 3);
INSERT INTO car_repair_account (car_repair_account_name, car_repair_account_password, car_repair_account_role_id) VALUES ('89223565567', '89223565567', 3);
INSERT INTO car_repair_account (car_repair_account_name, car_repair_account_password, car_repair_account_role_id) VALUES ('89824930063', '89824930063', 3);
INSERT INTO car_repair_account (car_repair_account_name, car_repair_account_password, car_repair_account_role_id) VALUES ('89024727162', '89024727162', 3);
INSERT INTO car_repair_account (car_repair_account_name, car_repair_account_password, car_repair_account_role_id) VALUES ('89124906735', '89124906735', 3);
INSERT INTO car_repair_account (car_repair_account_name, car_repair_account_password, car_repair_account_role_id) VALUES ('89638723921', '89638723921', 3);
INSERT INTO car_repair_account (car_repair_account_name, car_repair_account_password, car_repair_account_role_id) VALUES ('89194414035', '89194414035', 3);
INSERT INTO car_repair_account (car_repair_account_name, car_repair_account_password, car_repair_account_role_id) VALUES ('89027981788', '89027981788', 3);
INSERT INTO car_repair_account (car_repair_account_name, car_repair_account_password, car_repair_account_role_id) VALUES ('89194554583', '89194554583', 3);
INSERT INTO car_repair_account (car_repair_account_name, car_repair_account_password, car_repair_account_role_id) VALUES ('89194691205', '89194691205', 3);
INSERT INTO car_repair_account (car_repair_account_name, car_repair_account_password, car_repair_account_role_id) VALUES ('89504654979', '89504654979', 3);
INSERT INTO car_repair_account (car_repair_account_name, car_repair_account_password, car_repair_account_role_id) VALUES ('89655772543', '89655772543', 3);
INSERT INTO car_repair_account (car_repair_account_name, car_repair_account_password, car_repair_account_role_id) VALUES ('89519331614', '89519331614', 3);
INSERT INTO car_repair_account (car_repair_account_name, car_repair_account_password, car_repair_account_role_id) VALUES ('89630170427', '89630170427', 3);
INSERT INTO car_repair_account (car_repair_account_name, car_repair_account_password, car_repair_account_role_id) VALUES ('89026394015', '89026394015', 3);
INSERT INTO car_repair_account (car_repair_account_name, car_repair_account_password, car_repair_account_role_id) VALUES ('89922234517', '89922234517', 3);
INSERT INTO car_repair_account (car_repair_account_name, car_repair_account_password, car_repair_account_role_id) VALUES ('89124871279', '89124871279', 3);
INSERT INTO car_repair_account (car_repair_account_name, car_repair_account_password, car_repair_account_role_id) VALUES ('89027944731', '89027944731', 3);
INSERT INTO car_repair_account (car_repair_account_name, car_repair_account_password, car_repair_account_role_id) VALUES ('89638829296', '89638829296', 3);
INSERT INTO car_repair_account (car_repair_account_name, car_repair_account_password, car_repair_account_role_id) VALUES ('89526429845', '89526429845', 3);
INSERT INTO car_repair_account (car_repair_account_name, car_repair_account_password, car_repair_account_role_id) VALUES ('89630166714', '89630166714', 3);
INSERT INTO car_repair_account (car_repair_account_name, car_repair_account_password, car_repair_account_role_id) VALUES ('89505438016', '89505438016', 3);
INSERT INTO car_repair_account (car_repair_account_name, car_repair_account_password, car_repair_account_role_id) VALUES ('89097316689', '89097316689', 3);
INSERT INTO car_repair_account (car_repair_account_name, car_repair_account_password, car_repair_account_role_id) VALUES ('89097041200', '89097041200', 3);
INSERT INTO car_repair_account (car_repair_account_name, car_repair_account_password, car_repair_account_role_id) VALUES ('89197149999', '89197149999', 3);
INSERT INTO car_repair_account (car_repair_account_name, car_repair_account_password, car_repair_account_role_id) VALUES ('89129855336', '89129855336', 3);
INSERT INTO car_repair_account (car_repair_account_name, car_repair_account_password, car_repair_account_role_id) VALUES ('89028335012', '89028335012', 3);
INSERT INTO car_repair_account (car_repair_account_name, car_repair_account_password, car_repair_account_role_id) VALUES ('89048428485', '89048428485', 3);
INSERT INTO car_repair_account (car_repair_account_name, car_repair_account_password, car_repair_account_role_id) VALUES ('89223180701', '89223180701', 3);
INSERT INTO car_repair_account (car_repair_account_name, car_repair_account_password, car_repair_account_role_id) VALUES ('89223097847', '89223097847', 3);
INSERT INTO car_repair_account (car_repair_account_name, car_repair_account_password, car_repair_account_role_id) VALUES ('89026475742', '89026475742', 3);
INSERT INTO car_repair_account (car_repair_account_name, car_repair_account_password, car_repair_account_role_id) VALUES ('89091018777', '89091018777', 3);
INSERT INTO car_repair_account (car_repair_account_name, car_repair_account_password, car_repair_account_role_id) VALUES ('89194627280', '89194627280', 3);
INSERT INTO car_repair_account (car_repair_account_name, car_repair_account_password, car_repair_account_role_id) VALUES ('89194572794', '89194572794', 3);
INSERT INTO car_repair_account (car_repair_account_name, car_repair_account_password, car_repair_account_role_id) VALUES ('89125801468', '89125801468', 3);
INSERT INTO car_repair_account (car_repair_account_name, car_repair_account_password, car_repair_account_role_id) VALUES ('89082548631', '89082548631', 3);
INSERT INTO car_repair_account (car_repair_account_name, car_repair_account_password, car_repair_account_role_id) VALUES ('89519465809', '89519465809', 3);
INSERT INTO car_repair_account (car_repair_account_name, car_repair_account_password, car_repair_account_role_id) VALUES ('89194905526', '89194905526', 3);
INSERT INTO car_repair_account (car_repair_account_name, car_repair_account_password, car_repair_account_role_id) VALUES ('89519556982', '89519556982', 3);
INSERT INTO car_repair_account (car_repair_account_name, car_repair_account_password, car_repair_account_role_id) VALUES ('89024736762', '89024736762', 3);
INSERT INTO car_repair_account (car_repair_account_name, car_repair_account_password, car_repair_account_role_id) VALUES ('89194964011', '89194964011', 3);
INSERT INTO car_repair_account (car_repair_account_name, car_repair_account_password, car_repair_account_role_id) VALUES ('89028335154', '89028335154', 3);
INSERT INTO car_repair_account (car_repair_account_name, car_repair_account_password, car_repair_account_role_id) VALUES ('89124841818', '89124841818', 3);
INSERT INTO car_repair_account (car_repair_account_name, car_repair_account_password, car_repair_account_role_id) VALUES ('89667907733', '89667907733', 3);
INSERT INTO car_repair_account (car_repair_account_name, car_repair_account_password, car_repair_account_role_id) VALUES ('89526456343', '89526456343', 3);
INSERT INTO car_repair_account (car_repair_account_name, car_repair_account_password, car_repair_account_role_id) VALUES ('89223579353', '89223579353', 3);
INSERT INTO car_repair_account (car_repair_account_name, car_repair_account_password, car_repair_account_role_id) VALUES ('89026460125', '89026460125', 3);
INSERT INTO car_repair_account (car_repair_account_name, car_repair_account_password, car_repair_account_role_id) VALUES ('89194548338', '89194548338', 3);
INSERT INTO car_repair_account (car_repair_account_name, car_repair_account_password, car_repair_account_role_id) VALUES ('89082561786', '89082561786', 3);
INSERT INTO car_repair_account (car_repair_account_name, car_repair_account_password, car_repair_account_role_id) VALUES ('89638750066', '89638750066', 3);
INSERT INTO car_repair_account (car_repair_account_name, car_repair_account_password, car_repair_account_role_id) VALUES ('89526599943', '89526599943', 3);
INSERT INTO car_repair_account (car_repair_account_name, car_repair_account_password, car_repair_account_role_id) VALUES ('89028090459', '89028090459', 3);
INSERT INTO car_repair_account (car_repair_account_name, car_repair_account_password, car_repair_account_role_id) VALUES ('999999999', '999999999', 3);
INSERT INTO car_repair_account (car_repair_account_name, car_repair_account_password, car_repair_account_role_id) VALUES ('89027977709', '89027977709', 3);
INSERT INTO car_repair_account (car_repair_account_name, car_repair_account_password, car_repair_account_role_id) VALUES ('89068786503', '89068786503', 3);
INSERT INTO car_repair_account (car_repair_account_name, car_repair_account_password, car_repair_account_role_id) VALUES ('89082739009', '89082739009', 3);
INSERT INTO car_repair_account (car_repair_account_name, car_repair_account_password, car_repair_account_role_id) VALUES ('89519492083', '89519492083', 3);
INSERT INTO car_repair_account (car_repair_account_name, car_repair_account_password, car_repair_account_role_id) VALUES ('89194638386', '89194638386', 3);
INSERT INTO car_repair_account (car_repair_account_name, car_repair_account_password, car_repair_account_role_id) VALUES ('89028088836', '89028088836', 3);
INSERT INTO car_repair_account (car_repair_account_name, car_repair_account_password, car_repair_account_role_id) VALUES ('89091097274', '89091097274', 3);
INSERT INTO car_repair_account (car_repair_account_name, car_repair_account_password, car_repair_account_role_id) VALUES ('89024745387', '89024745387', 3);
INSERT INTO car_repair_account (car_repair_account_name, car_repair_account_password, car_repair_account_role_id) VALUES ('89129813073', '89129813073', 3);
INSERT INTO car_repair_account (car_repair_account_name, car_repair_account_password, car_repair_account_role_id) VALUES ('89519442344', '89519442344', 3);
INSERT INTO car_repair_account (car_repair_account_name, car_repair_account_password, car_repair_account_role_id) VALUES ('89655537357', '89655537357', 3);
INSERT INTO car_repair_account (car_repair_account_name, car_repair_account_password, car_repair_account_role_id) VALUES ('89519442344', '89519442344', 3);
INSERT INTO car_repair_account (car_repair_account_name, car_repair_account_password, car_repair_account_role_id) VALUES ('89194574196', '89194574196', 3);
INSERT INTO car_repair_account (car_repair_account_name, car_repair_account_password, car_repair_account_role_id) VALUES ('896388459', '896388459', 3);
INSERT INTO car_repair_account (car_repair_account_name, car_repair_account_password, car_repair_account_role_id) VALUES ('89197194843', '89197194843', 3);
INSERT INTO car_repair_account (car_repair_account_name, car_repair_account_password, car_repair_account_role_id) VALUES ('89125825145', '89125825145', 3);
INSERT INTO car_repair_account (car_repair_account_name, car_repair_account_password, car_repair_account_role_id) VALUES ('89194992972', '89194992972', 3);
INSERT INTO car_repair_account (car_repair_account_name, car_repair_account_password, car_repair_account_role_id) VALUES ('89127881442', '89127881442', 3);
INSERT INTO car_repair_account (car_repair_account_name, car_repair_account_password, car_repair_account_role_id) VALUES ('89655662887', '89655662887', 3);
INSERT INTO car_repair_account (car_repair_account_name, car_repair_account_password, car_repair_account_role_id) VALUES ('89028365072', '89028365072', 3);
INSERT INTO car_repair_account (car_repair_account_name, car_repair_account_password, car_repair_account_role_id) VALUES ('89655630311', '89655630311', 3);
INSERT INTO car_repair_account (car_repair_account_name, car_repair_account_password, car_repair_account_role_id) VALUES ('89641861580', '89641861580', 3);
INSERT INTO car_repair_account (car_repair_account_name, car_repair_account_password, car_repair_account_role_id) VALUES ('89048435569', '89048435569', 3);
INSERT INTO car_repair_account (car_repair_account_name, car_repair_account_password, car_repair_account_role_id) VALUES ('89028316002', '89028316002', 3);
INSERT INTO car_repair_account (car_repair_account_name, car_repair_account_password, car_repair_account_role_id) VALUES ('89630118974', '89630118974', 3);
INSERT INTO car_repair_account (car_repair_account_name, car_repair_account_password, car_repair_account_role_id) VALUES ('89194625613', '89194625613', 3);
INSERT INTO car_repair_account (car_repair_account_name, car_repair_account_password, car_repair_account_role_id) VALUES ('8982248433', '8982248433', 3);
INSERT INTO car_repair_account (car_repair_account_name, car_repair_account_password, car_repair_account_role_id) VALUES ('89125856292', '89125856292', 3);
INSERT INTO car_repair_account (car_repair_account_name, car_repair_account_password, car_repair_account_role_id) VALUES ('89027932687', '89027932687', 3);
INSERT INTO car_repair_account (car_repair_account_name, car_repair_account_password, car_repair_account_role_id) VALUES ('89824897064', '89824897064', 3);
INSERT INTO car_repair_account (car_repair_account_name, car_repair_account_password, car_repair_account_role_id) VALUES ('89519282642', '89519282642', 3);
INSERT INTO car_repair_account (car_repair_account_name, car_repair_account_password, car_repair_account_role_id) VALUES ('89091101444', '89091101444', 3);
INSERT INTO car_repair_account (car_repair_account_name, car_repair_account_password, car_repair_account_role_id) VALUES ('89048489842', '89048489842', 3);
INSERT INTO car_repair_account (car_repair_account_name, car_repair_account_password, car_repair_account_role_id) VALUES ('89824519870', '89824519870', 3);
INSERT INTO car_repair_account (car_repair_account_name, car_repair_account_password, car_repair_account_role_id) VALUES ('89048481195', '89048481195', 3);
INSERT INTO car_repair_account (car_repair_account_name, car_repair_account_password, car_repair_account_role_id) VALUES ('89194855630', '89194855630', 3);
INSERT INTO car_repair_account (car_repair_account_name, car_repair_account_password, car_repair_account_role_id) VALUES ('89128888651', '89128888651', 3);
INSERT INTO car_repair_account (car_repair_account_name, car_repair_account_password, car_repair_account_role_id) VALUES ('89526538689', '89526538689', 3);
INSERT INTO car_repair_account (car_repair_account_name, car_repair_account_password, car_repair_account_role_id) VALUES ('89028096816', '89028096816', 3);
INSERT INTO car_repair_account (car_repair_account_name, car_repair_account_password, car_repair_account_role_id) VALUES ('89082762250', '89082762250', 3);
INSERT INTO car_repair_account (car_repair_account_name, car_repair_account_password, car_repair_account_role_id) VALUES ('89197112169', '89197112169', 3);
INSERT INTO car_repair_account (car_repair_account_name, car_repair_account_password, car_repair_account_role_id) VALUES ('89523330475', '89523330475', 3);
INSERT INTO car_repair_account (car_repair_account_name, car_repair_account_password, car_repair_account_role_id) VALUES ('89223257030', '89223257030', 3);
INSERT INTO car_repair_account (car_repair_account_name, car_repair_account_password, car_repair_account_role_id) VALUES ('89194777042', '89194777042', 3);
INSERT INTO car_repair_account (car_repair_account_name, car_repair_account_password, car_repair_account_role_id) VALUES ('89026325990', '89026325990', 3);


--
--  TOC entry 2466 (class 0 OID 0)
--  Dependencies: 192
--  Name: car_repair_account_car_repair_account_id_seq; Type: SEQUENCE SET; Schema: public; Owner: alekseysamoylov
--
--
--
--  TOC entry 2460 (class 0 OID 171365)
--  Dependencies: 194
--  Data for Name: car_repair_account_property; Type: TABLE DATA; Schema: public; Owner: alekseysamoylov


INSERT INTO car_repair_account_property (account_property_id, discount, last_name, first_name, other, phone_number, phone_number_other) VALUES (1, 15, 'Новиков', 'Олег', NULL, '3242342', NULL);
INSERT INTO car_repair_account_property (account_property_id, discount, last_name, first_name, other, phone_number, phone_number_other) VALUES (2, 50, 'Мезенцев', 'Артур', NULL, '3242342', NULL);
INSERT INTO car_repair_account_property (account_property_id, discount, last_name, first_name, other, phone_number, phone_number_other) VALUES (3, 50, 'Закоптелов', 'Антон', NULL, '3242342', NULL);
INSERT INTO car_repair_account_property (account_property_id, discount, last_name, first_name, other, phone_number, phone_number_other) VALUES (4, 50, 'Стрелков', 'Александр', NULL, '3242342', NULL);
INSERT INTO car_repair_account_property (account_property_id, discount, last_name, first_name, other, phone_number, phone_number_other) VALUES (5, 50, 'Жигулев', 'Александр', NULL, '3242342', NULL);
INSERT INTO car_repair_account_property (account_property_id, discount, last_name, first_name, other, phone_number, phone_number_other) VALUES (6, 50, 'Вашкарин', 'Евгений', NULL, '3242342', NULL);
INSERT INTO car_repair_account_property (account_property_id, discount, last_name, first_name, other, phone_number, phone_number_other) VALUES (7, 50, 'Осипов', 'Евгений', NULL, '3242342', NULL);
INSERT INTO car_repair_account_property (account_property_id, discount, last_name, first_name, other, phone_number, phone_number_other) VALUES (8, 50, 'Самойлов', 'Алексей', NULL, '89223402527', NULL);
INSERT INTO car_repair_account_property (account_property_id, discount, last_name, first_name, other, phone_number, phone_number_other) VALUES (9, 0, 'Телеев', 'Денис', NULL, '89082563290', NULL);
INSERT INTO car_repair_account_property (account_property_id, discount, last_name, first_name, other, phone_number, phone_number_other) VALUES (10, 0, 'Шубиников', 'Роман', NULL, '89091141902', NULL);
INSERT INTO car_repair_account_property (account_property_id, discount, last_name, first_name, other, phone_number, phone_number_other) VALUES (11, 0, 'Бородулин', 'Дмитрий', NULL, '89194888900', NULL);
INSERT INTO car_repair_account_property (account_property_id, discount, last_name, first_name, other, phone_number, phone_number_other) VALUES (12, 0, 'Виткало ', 'Надежда', NULL, '89091105540', NULL);
INSERT INTO car_repair_account_property (account_property_id, discount, last_name, first_name, other, phone_number, phone_number_other) VALUES (13, 0, 'Попов', 'Евген', NULL, '89028304296', NULL);
INSERT INTO car_repair_account_property (account_property_id, discount, last_name, first_name, other, phone_number, phone_number_other) VALUES (14, 0, 'Тархова', 'Соня', NULL, '89655555943', NULL);
INSERT INTO car_repair_account_property (account_property_id, discount, last_name, first_name, other, phone_number, phone_number_other) VALUES (15, 0, 'Рыбаков', 'Алексей', NULL, '89226452889', NULL);
INSERT INTO car_repair_account_property (account_property_id, discount, last_name, first_name, other, phone_number, phone_number_other) VALUES (16, 0, 'Собянин', 'Максим', NULL, '89026334936', NULL);
INSERT INTO car_repair_account_property (account_property_id, discount, last_name, first_name, other, phone_number, phone_number_other) VALUES (17, 0, 'Семеряков', 'Коля', NULL, '89655680903', NULL);
INSERT INTO car_repair_account_property (account_property_id, discount, last_name, first_name, other, phone_number, phone_number_other) VALUES (18, 0, 'Хочетова', 'Ирина', NULL, '89824536737', NULL);
INSERT INTO car_repair_account_property (account_property_id, discount, last_name, first_name, other, phone_number, phone_number_other) VALUES (19, 0, 'Башкирцев', 'Сергей', NULL, '89226422780', NULL);
INSERT INTO car_repair_account_property (account_property_id, discount, last_name, first_name, other, phone_number, phone_number_other) VALUES (20, 0, 'Шардаков', 'Михаил', NULL, '89226427237', NULL);
INSERT INTO car_repair_account_property (account_property_id, discount, last_name, first_name, other, phone_number, phone_number_other) VALUES (21, 0, 'Лоскутов', 'Данил', NULL, '89226462115', NULL);
INSERT INTO car_repair_account_property (account_property_id, discount, last_name, first_name, other, phone_number, phone_number_other) VALUES (22, 0, 'Чернобровин ', 'Владимир', NULL, '89526526080', NULL);
INSERT INTO car_repair_account_property (account_property_id, discount, last_name, first_name, other, phone_number, phone_number_other) VALUES (23, 0, 'Колегов', 'Игорь', NULL, '89024751593', NULL);
INSERT INTO car_repair_account_property (account_property_id, discount, last_name, first_name, other, phone_number, phone_number_other) VALUES (24, 0, 'Блинов', 'Владислав', NULL, '89223470592', NULL);
INSERT INTO car_repair_account_property (account_property_id, discount, last_name, first_name, other, phone_number, phone_number_other) VALUES (25, 0, 'Козлов', 'Андрей', NULL, '89097268229', NULL);
INSERT INTO car_repair_account_property (account_property_id, discount, last_name, first_name, other, phone_number, phone_number_other) VALUES (26, 0, 'Тиунов', 'Евгений', NULL, '89082731558', NULL);
INSERT INTO car_repair_account_property (account_property_id, discount, last_name, first_name, other, phone_number, phone_number_other) VALUES (27, 0, 'Старков', 'Вячеслав', NULL, '89194855630', NULL);
INSERT INTO car_repair_account_property (account_property_id, discount, last_name, first_name, other, phone_number, phone_number_other) VALUES (28, 0, 'Ожегина', 'Ольга', NULL, '89124897990', NULL);
INSERT INTO car_repair_account_property (account_property_id, discount, last_name, first_name, other, phone_number, phone_number_other) VALUES (29, 0, 'Плащенкова', 'Светлана', NULL, '89128822794', NULL);
INSERT INTO car_repair_account_property (account_property_id, discount, last_name, first_name, other, phone_number, phone_number_other) VALUES (30, 0, 'Курлин', 'Михаил', NULL, '89922168571', NULL);
INSERT INTO car_repair_account_property (account_property_id, discount, last_name, first_name, other, phone_number, phone_number_other) VALUES (31, 0, 'Рабзутдинов', 'Тимур', NULL, '89223043229', NULL);
INSERT INTO car_repair_account_property (account_property_id, discount, last_name, first_name, other, phone_number, phone_number_other) VALUES (32, 0, 'Цеов', 'Александр', NULL, '89194653927', NULL);
INSERT INTO car_repair_account_property (account_property_id, discount, last_name, first_name, other, phone_number, phone_number_other) VALUES (33, 0, 'Ерёмина', 'Наталья', NULL, '89048459949', NULL);
INSERT INTO car_repair_account_property (account_property_id, discount, last_name, first_name, other, phone_number, phone_number_other) VALUES (34, 0, 'Ерофеев', 'Иван', NULL, '89638607141', NULL);
INSERT INTO car_repair_account_property (account_property_id, discount, last_name, first_name, other, phone_number, phone_number_other) VALUES (35, 0, 'Клиент', 'Эдита', NULL, '89197037749', NULL);
INSERT INTO car_repair_account_property (account_property_id, discount, last_name, first_name, other, phone_number, phone_number_other) VALUES (36, 0, 'Сергеев', 'Дмитрий', NULL, '89091113233', NULL);
INSERT INTO car_repair_account_property (account_property_id, discount, last_name, first_name, other, phone_number, phone_number_other) VALUES (37, 0, 'Симпатичная', 'Надежда', NULL, '89526464006', NULL);
INSERT INTO car_repair_account_property (account_property_id, discount, last_name, first_name, other, phone_number, phone_number_other) VALUES (38, 0, 'Халтурин', 'Олег', NULL, '89026307707', NULL);
INSERT INTO car_repair_account_property (account_property_id, discount, last_name, first_name, other, phone_number, phone_number_other) VALUES (39, 0, 'ООО НИКТРЕЙД', 'ООО НИКТРЕЙД', NULL, 'ООО НИКТРЕЙД', NULL);
INSERT INTO car_repair_account_property (account_property_id, discount, last_name, first_name, other, phone_number, phone_number_other) VALUES (40, 0, 'Черняев', 'Анатолий', NULL, '00000000000', NULL);
INSERT INTO car_repair_account_property (account_property_id, discount, last_name, first_name, other, phone_number, phone_number_other) VALUES (41, 0, 'Корелин', 'Андрей', NULL, '89638700808', NULL);
INSERT INTO car_repair_account_property (account_property_id, discount, last_name, first_name, other, phone_number, phone_number_other) VALUES (42, 0, 'Лобанов', 'Михаил', NULL, '89028070000', NULL);
INSERT INTO car_repair_account_property (account_property_id, discount, last_name, first_name, other, phone_number, phone_number_other) VALUES (43, 0, 'Трушников', 'Андрей', NULL, '89194999192', NULL);
INSERT INTO car_repair_account_property (account_property_id, discount, last_name, first_name, other, phone_number, phone_number_other) VALUES (44, 0, 'Фирсов', 'Алексей', NULL, '89068885402', NULL);
INSERT INTO car_repair_account_property (account_property_id, discount, last_name, first_name, other, phone_number, phone_number_other) VALUES (45, 0, 'Рисков', 'Виталий', NULL, '89504654979', NULL);
INSERT INTO car_repair_account_property (account_property_id, discount, last_name, first_name, other, phone_number, phone_number_other) VALUES (46, 0, 'Дроздов', 'Иван', NULL, '89058607562', NULL);
INSERT INTO car_repair_account_property (account_property_id, discount, last_name, first_name, other, phone_number, phone_number_other) VALUES (47, 0, 'Гребенщиков', 'Алексей', NULL, '89504408041', NULL);
INSERT INTO car_repair_account_property (account_property_id, discount, last_name, first_name, other, phone_number, phone_number_other) VALUES (48, 0, 'Трутнев', 'Алексей', NULL, '89129805221', NULL);
INSERT INTO car_repair_account_property (account_property_id, discount, last_name, first_name, other, phone_number, phone_number_other) VALUES (49, 0, 'Пчелин', 'Евгений', NULL, '89526632306', NULL);
INSERT INTO car_repair_account_property (account_property_id, discount, last_name, first_name, other, phone_number, phone_number_other) VALUES (50, 0, 'Марамыгин', 'Александр', NULL, '89194563321', NULL);
INSERT INTO car_repair_account_property (account_property_id, discount, last_name, first_name, other, phone_number, phone_number_other) VALUES (51, 0, 'Попов', 'Андрей', NULL, '89091063553', NULL);
INSERT INTO car_repair_account_property (account_property_id, discount, last_name, first_name, other, phone_number, phone_number_other) VALUES (52, 0, 'Иванов ', 'Виталий', NULL, '89655681601', NULL);
INSERT INTO car_repair_account_property (account_property_id, discount, last_name, first_name, other, phone_number, phone_number_other) VALUES (53, 0, 'Хуснуллин', 'Рашит', NULL, '89194443225', NULL);
INSERT INTO car_repair_account_property (account_property_id, discount, last_name, first_name, other, phone_number, phone_number_other) VALUES (54, 0, 'Абросенков', 'Алексей', NULL, '89194533634', NULL);
INSERT INTO car_repair_account_property (account_property_id, discount, last_name, first_name, other, phone_number, phone_number_other) VALUES (55, 0, 'Алексеев', 'Александр', NULL, '89223195042', NULL);
INSERT INTO car_repair_account_property (account_property_id, discount, last_name, first_name, other, phone_number, phone_number_other) VALUES (56, 0, 'Самойлов', 'Алексей', NULL, '89223402527', NULL);
INSERT INTO car_repair_account_property (account_property_id, discount, last_name, first_name, other, phone_number, phone_number_other) VALUES (57, 0, 'ЩЩЩЩ', 'Андрей', NULL, '89124636602', NULL);
INSERT INTO car_repair_account_property (account_property_id, discount, last_name, first_name, other, phone_number, phone_number_other) VALUES (58, 0, 'Кропотин', 'Николай', NULL, '89091162940', NULL);
INSERT INTO car_repair_account_property (account_property_id, discount, last_name, first_name, other, phone_number, phone_number_other) VALUES (59, 0, 'Печерский', 'Евгений', NULL, '89028358897', NULL);
INSERT INTO car_repair_account_property (account_property_id, discount, last_name, first_name, other, phone_number, phone_number_other) VALUES (60, 0, 'Черепанов', 'Михаил', NULL, '89194926759', NULL);
INSERT INTO car_repair_account_property (account_property_id, discount, last_name, first_name, other, phone_number, phone_number_other) VALUES (61, 0, 'Пакаев', 'Сергей', NULL, '89526599005', NULL);
INSERT INTO car_repair_account_property (account_property_id, discount, last_name, first_name, other, phone_number, phone_number_other) VALUES (62, 0, 'Титов', 'Игорь', NULL, '89526599005', NULL);
INSERT INTO car_repair_account_property (account_property_id, discount, last_name, first_name, other, phone_number, phone_number_other) VALUES (63, 0, 'Мамаева', 'Мария', NULL, '89824842967', NULL);
INSERT INTO car_repair_account_property (account_property_id, discount, last_name, first_name, other, phone_number, phone_number_other) VALUES (64, 0, 'Васильев', 'Игорь', NULL, '89655559807', NULL);
INSERT INTO car_repair_account_property (account_property_id, discount, last_name, first_name, other, phone_number, phone_number_other) VALUES (65, 0, 'Братчиков', 'Андрей', NULL, '89082603353', NULL);
INSERT INTO car_repair_account_property (account_property_id, discount, last_name, first_name, other, phone_number, phone_number_other) VALUES (66, 0, 'Коняев', 'Виктор', NULL, '89194614493', NULL);
INSERT INTO car_repair_account_property (account_property_id, discount, last_name, first_name, other, phone_number, phone_number_other) VALUES (67, 0, 'Котунцев', 'Максим', NULL, '89526445288', NULL);
INSERT INTO car_repair_account_property (account_property_id, discount, last_name, first_name, other, phone_number, phone_number_other) VALUES (68, 0, 'Черемных', 'Антон', NULL, '89194927247', NULL);
INSERT INTO car_repair_account_property (account_property_id, discount, last_name, first_name, other, phone_number, phone_number_other) VALUES (69, 0, 'Гаряев', 'Василий', NULL, '89523354736', NULL);
INSERT INTO car_repair_account_property (account_property_id, discount, last_name, first_name, other, phone_number, phone_number_other) VALUES (70, 0, 'Поносов', 'Юрий', NULL, '89523351931', NULL);
INSERT INTO car_repair_account_property (account_property_id, discount, last_name, first_name, other, phone_number, phone_number_other) VALUES (71, 0, 'Вепрева', 'Юлия', NULL, '89097317124', NULL);
INSERT INTO car_repair_account_property (account_property_id, discount, last_name, first_name, other, phone_number, phone_number_other) VALUES (72, 0, 'Черезов', 'Евгений', NULL, '89194477086', NULL);
INSERT INTO car_repair_account_property (account_property_id, discount, last_name, first_name, other, phone_number, phone_number_other) VALUES (73, 0, 'Шавкунов', 'Михаил', NULL, '89504610744', NULL);
INSERT INTO car_repair_account_property (account_property_id, discount, last_name, first_name, other, phone_number, phone_number_other) VALUES (74, 0, 'Онорин', 'Виталий', NULL, '89082713162', NULL);
INSERT INTO car_repair_account_property (account_property_id, discount, last_name, first_name, other, phone_number, phone_number_other) VALUES (75, 0, 'Ивонин', 'Константин', NULL, '898224372330', NULL);
INSERT INTO car_repair_account_property (account_property_id, discount, last_name, first_name, other, phone_number, phone_number_other) VALUES (76, 0, 'Мальцев', 'Игорь', NULL, '89641972200', NULL);
INSERT INTO car_repair_account_property (account_property_id, discount, last_name, first_name, other, phone_number, phone_number_other) VALUES (77, 0, 'Васев', 'Евгений', NULL, '89523349684', NULL);
INSERT INTO car_repair_account_property (account_property_id, discount, last_name, first_name, other, phone_number, phone_number_other) VALUES (78, 0, 'Синько', 'Денис', NULL, '89048494000', NULL);
INSERT INTO car_repair_account_property (account_property_id, discount, last_name, first_name, other, phone_number, phone_number_other) VALUES (79, 0, 'Соболев', 'Александр', NULL, '89824473230', NULL);
INSERT INTO car_repair_account_property (account_property_id, discount, last_name, first_name, other, phone_number, phone_number_other) VALUES (80, 0, 'Выдрин ', 'Сергей', NULL, '89822530007', NULL);
INSERT INTO car_repair_account_property (account_property_id, discount, last_name, first_name, other, phone_number, phone_number_other) VALUES (81, 0, 'Глебиздин', 'Юрий', NULL, '89526633030', NULL);
INSERT INTO car_repair_account_property (account_property_id, discount, last_name, first_name, other, phone_number, phone_number_other) VALUES (82, 0, 'Дюпин', 'Алексей', NULL, '89822300124', NULL);
INSERT INTO car_repair_account_property (account_property_id, discount, last_name, first_name, other, phone_number, phone_number_other) VALUES (83, 0, 'Харина', 'Алена', NULL, '89194893009', NULL);
INSERT INTO car_repair_account_property (account_property_id, discount, last_name, first_name, other, phone_number, phone_number_other) VALUES (84, 0, 'Слепов', 'Савелий', NULL, '89526489548', NULL);
INSERT INTO car_repair_account_property (account_property_id, discount, last_name, first_name, other, phone_number, phone_number_other) VALUES (85, 0, 'Кривцов', 'Сергей', NULL, '8912578904', NULL);
INSERT INTO car_repair_account_property (account_property_id, discount, last_name, first_name, other, phone_number, phone_number_other) VALUES (86, 0, 'Рудаков', 'Сергей', NULL, '89519370827', NULL);
INSERT INTO car_repair_account_property (account_property_id, discount, last_name, first_name, other, phone_number, phone_number_other) VALUES (87, 0, 'Яборова', 'Елена', NULL, '89194487637', NULL);
INSERT INTO car_repair_account_property (account_property_id, discount, last_name, first_name, other, phone_number, phone_number_other) VALUES (88, 0, 'Бочаров', 'Сергей', NULL, '89124887771', NULL);
INSERT INTO car_repair_account_property (account_property_id, discount, last_name, first_name, other, phone_number, phone_number_other) VALUES (89, 0, 'Трофименко', 'Сергей', NULL, '89082438075', NULL);
INSERT INTO car_repair_account_property (account_property_id, discount, last_name, first_name, other, phone_number, phone_number_other) VALUES (90, 0, 'Попова', 'Венера', NULL, '89922008878', NULL);
INSERT INTO car_repair_account_property (account_property_id, discount, last_name, first_name, other, phone_number, phone_number_other) VALUES (91, 0, 'Медведева', 'Наталья', NULL, '89068881258', NULL);
INSERT INTO car_repair_account_property (account_property_id, discount, last_name, first_name, other, phone_number, phone_number_other) VALUES (92, 0, 'Карпенко', 'Алексей', NULL, '89028003732', NULL);
INSERT INTO car_repair_account_property (account_property_id, discount, last_name, first_name, other, phone_number, phone_number_other) VALUES (93, 0, 'Реутова', 'Маргорита', NULL, '89125901194', NULL);
INSERT INTO car_repair_account_property (account_property_id, discount, last_name, first_name, other, phone_number, phone_number_other) VALUES (94, 0, 'Широв', 'Ильхамджан', NULL, '89091009950', NULL);
INSERT INTO car_repair_account_property (account_property_id, discount, last_name, first_name, other, phone_number, phone_number_other) VALUES (95, 0, 'Никрасов', 'Алексей', NULL, '89129813073', NULL);
INSERT INTO car_repair_account_property (account_property_id, discount, last_name, first_name, other, phone_number, phone_number_other) VALUES (96, 0, 'Федосеев', 'Николай', NULL, '2638391', NULL);
INSERT INTO car_repair_account_property (account_property_id, discount, last_name, first_name, other, phone_number, phone_number_other) VALUES (97, 0, 'Довжик', 'Роман', NULL, '89194938663', NULL);
INSERT INTO car_repair_account_property (account_property_id, discount, last_name, first_name, other, phone_number, phone_number_other) VALUES (98, 0, 'Охахлин', 'Владимир', NULL, '89223565567', NULL);
INSERT INTO car_repair_account_property (account_property_id, discount, last_name, first_name, other, phone_number, phone_number_other) VALUES (99, 0, 'Радченко', 'Владимир', NULL, '89824930063', NULL);
INSERT INTO car_repair_account_property (account_property_id, discount, last_name, first_name, other, phone_number, phone_number_other) VALUES (100, 0, 'Соломенников', 'Николай', NULL, '89024727162', NULL);
INSERT INTO car_repair_account_property (account_property_id, discount, last_name, first_name, other, phone_number, phone_number_other) VALUES (101, 0, 'Бурмантова', 'Елена', NULL, '89124906735', NULL);
INSERT INTO car_repair_account_property (account_property_id, discount, last_name, first_name, other, phone_number, phone_number_other) VALUES (102, 0, 'Переудин', 'Максим', NULL, '89638723921', NULL);
INSERT INTO car_repair_account_property (account_property_id, discount, last_name, first_name, other, phone_number, phone_number_other) VALUES (103, 0, 'Диденко', 'Владимир', NULL, '89194414035', NULL);
INSERT INTO car_repair_account_property (account_property_id, discount, last_name, first_name, other, phone_number, phone_number_other) VALUES (104, 0, 'Галкин', 'Евгений', NULL, '89027981788', NULL);
INSERT INTO car_repair_account_property (account_property_id, discount, last_name, first_name, other, phone_number, phone_number_other) VALUES (105, 0, 'Катаева', 'Ольга', NULL, '89194554583', NULL);
INSERT INTO car_repair_account_property (account_property_id, discount, last_name, first_name, other, phone_number, phone_number_other) VALUES (106, 0, 'Владимирова', 'Ляля', NULL, '89194691205', NULL);
INSERT INTO car_repair_account_property (account_property_id, discount, last_name, first_name, other, phone_number, phone_number_other) VALUES (107, 0, 'Рысков', 'Виталий', NULL, '89504654979', NULL);
INSERT INTO car_repair_account_property (account_property_id, discount, last_name, first_name, other, phone_number, phone_number_other) VALUES (108, 0, 'Долгих', 'Михаил', NULL, '89655772543', NULL);
INSERT INTO car_repair_account_property (account_property_id, discount, last_name, first_name, other, phone_number, phone_number_other) VALUES (109, 0, 'Иванов', 'Леонид', NULL, '89519331614', NULL);
INSERT INTO car_repair_account_property (account_property_id, discount, last_name, first_name, other, phone_number, phone_number_other) VALUES (110, 0, 'Шабанова', 'Яна', NULL, '89630170427', NULL);
INSERT INTO car_repair_account_property (account_property_id, discount, last_name, first_name, other, phone_number, phone_number_other) VALUES (111, 0, 'Балтаев', 'Денис', NULL, '89026394015', NULL);
INSERT INTO car_repair_account_property (account_property_id, discount, last_name, first_name, other, phone_number, phone_number_other) VALUES (112, 0, 'Гиндуллин', 'Артур', NULL, '89922234517', NULL);
INSERT INTO car_repair_account_property (account_property_id, discount, last_name, first_name, other, phone_number, phone_number_other) VALUES (113, 0, 'Лядов', 'Борис', NULL, '89124871279', NULL);
INSERT INTO car_repair_account_property (account_property_id, discount, last_name, first_name, other, phone_number, phone_number_other) VALUES (114, 0, 'Одинцов', 'Роман', NULL, '89027944731', NULL);
INSERT INTO car_repair_account_property (account_property_id, discount, last_name, first_name, other, phone_number, phone_number_other) VALUES (115, 0, 'Наумов', 'Тимур', NULL, '89638829296', NULL);
INSERT INTO car_repair_account_property (account_property_id, discount, last_name, first_name, other, phone_number, phone_number_other) VALUES (116, 0, 'Хорошев', 'Евгений', NULL, '89526429845', NULL);
INSERT INTO car_repair_account_property (account_property_id, discount, last_name, first_name, other, phone_number, phone_number_other) VALUES (117, 0, 'Уразов', 'Артур', NULL, '89630166714', NULL);
INSERT INTO car_repair_account_property (account_property_id, discount, last_name, first_name, other, phone_number, phone_number_other) VALUES (118, 0, 'Ершов', 'Евгений', NULL, '89505438016', NULL);
INSERT INTO car_repair_account_property (account_property_id, discount, last_name, first_name, other, phone_number, phone_number_other) VALUES (119, 0, 'Черемных', 'Сергей', NULL, '89097316689', NULL);
INSERT INTO car_repair_account_property (account_property_id, discount, last_name, first_name, other, phone_number, phone_number_other) VALUES (120, 0, 'Аглотков', 'Дмитрий', NULL, '89097041200', NULL);
INSERT INTO car_repair_account_property (account_property_id, discount, last_name, first_name, other, phone_number, phone_number_other) VALUES (121, 0, 'Малахов', 'Денис', NULL, '89197149999', NULL);
INSERT INTO car_repair_account_property (account_property_id, discount, last_name, first_name, other, phone_number, phone_number_other) VALUES (122, 0, 'Перепечин', 'Владимир', NULL, '89129855336', NULL);
INSERT INTO car_repair_account_property (account_property_id, discount, last_name, first_name, other, phone_number, phone_number_other) VALUES (123, 0, 'Елизаров', 'Алексей', NULL, '89028335012', NULL);
INSERT INTO car_repair_account_property (account_property_id, discount, last_name, first_name, other, phone_number, phone_number_other) VALUES (124, 0, 'Ардышев', 'Александр', NULL, '89048428485', NULL);
INSERT INTO car_repair_account_property (account_property_id, discount, last_name, first_name, other, phone_number, phone_number_other) VALUES (125, 0, 'Вычигин', 'Валерий', NULL, '89223180701', NULL);
INSERT INTO car_repair_account_property (account_property_id, discount, last_name, first_name, other, phone_number, phone_number_other) VALUES (126, 0, 'Дремина ', 'Оксана', NULL, '89223097847', NULL);
INSERT INTO car_repair_account_property (account_property_id, discount, last_name, first_name, other, phone_number, phone_number_other) VALUES (127, 0, 'Рогозин', 'Роман', NULL, '89026475742', NULL);
INSERT INTO car_repair_account_property (account_property_id, discount, last_name, first_name, other, phone_number, phone_number_other) VALUES (128, 0, 'Миняжетдинов', 'Яхия', NULL, '89091018777', NULL);
INSERT INTO car_repair_account_property (account_property_id, discount, last_name, first_name, other, phone_number, phone_number_other) VALUES (129, 0, 'Исаков', 'Дмитрий', NULL, '89194627280', NULL);
INSERT INTO car_repair_account_property (account_property_id, discount, last_name, first_name, other, phone_number, phone_number_other) VALUES (130, 0, 'Галкин', 'Александр', NULL, '89194572794', NULL);
INSERT INTO car_repair_account_property (account_property_id, discount, last_name, first_name, other, phone_number, phone_number_other) VALUES (131, 0, 'Южаков', 'Олег', NULL, '89125801468', NULL);
INSERT INTO car_repair_account_property (account_property_id, discount, last_name, first_name, other, phone_number, phone_number_other) VALUES (132, 0, 'Алеев', 'Анатолий', NULL, '89082548631', NULL);
INSERT INTO car_repair_account_property (account_property_id, discount, last_name, first_name, other, phone_number, phone_number_other) VALUES (133, 0, 'Шаров ', 'Валерий', NULL, '89519465809', NULL);
INSERT INTO car_repair_account_property (account_property_id, discount, last_name, first_name, other, phone_number, phone_number_other) VALUES (134, 0, 'Соловьёв', 'Сергей', NULL, '89194905526', NULL);
INSERT INTO car_repair_account_property (account_property_id, discount, last_name, first_name, other, phone_number, phone_number_other) VALUES (135, 0, 'Ахмадеев', 'Ирек', NULL, '89519556982', NULL);
INSERT INTO car_repair_account_property (account_property_id, discount, last_name, first_name, other, phone_number, phone_number_other) VALUES (136, 0, 'Чудинов', 'Игорь', NULL, '89024736762', NULL);
INSERT INTO car_repair_account_property (account_property_id, discount, last_name, first_name, other, phone_number, phone_number_other) VALUES (137, 0, 'Усова', 'Нэлля', NULL, '89194964011', NULL);
INSERT INTO car_repair_account_property (account_property_id, discount, last_name, first_name, other, phone_number, phone_number_other) VALUES (138, 0, 'Шумаков', 'Константин', NULL, '89028335154', NULL);
INSERT INTO car_repair_account_property (account_property_id, discount, last_name, first_name, other, phone_number, phone_number_other) VALUES (139, 0, 'Коровин', 'Виталий', NULL, '89124841818', NULL);
INSERT INTO car_repair_account_property (account_property_id, discount, last_name, first_name, other, phone_number, phone_number_other) VALUES (140, 0, 'Заякин', 'Артем', NULL, '89667907733', NULL);
INSERT INTO car_repair_account_property (account_property_id, discount, last_name, first_name, other, phone_number, phone_number_other) VALUES (141, 0, 'Журавлёв', 'Олег', NULL, '89526456343', NULL);
INSERT INTO car_repair_account_property (account_property_id, discount, last_name, first_name, other, phone_number, phone_number_other) VALUES (142, 0, 'Тянь', 'Константин', NULL, '89223579353', NULL);
INSERT INTO car_repair_account_property (account_property_id, discount, last_name, first_name, other, phone_number, phone_number_other) VALUES (143, 0, 'Ковалёв', 'Илья', NULL, '89026460125', NULL);
INSERT INTO car_repair_account_property (account_property_id, discount, last_name, first_name, other, phone_number, phone_number_other) VALUES (144, 0, 'Звездкин', 'Виктор', NULL, '89194548338', NULL);
INSERT INTO car_repair_account_property (account_property_id, discount, last_name, first_name, other, phone_number, phone_number_other) VALUES (145, 0, 'Туринцев', 'Алексей', NULL, '89082561786', NULL);
INSERT INTO car_repair_account_property (account_property_id, discount, last_name, first_name, other, phone_number, phone_number_other) VALUES (146, 0, 'Федосеев', 'Александр', NULL, '89638750066', NULL);
INSERT INTO car_repair_account_property (account_property_id, discount, last_name, first_name, other, phone_number, phone_number_other) VALUES (147, 0, 'Худяков', 'Алексей', NULL, '89526599943', NULL);
INSERT INTO car_repair_account_property (account_property_id, discount, last_name, first_name, other, phone_number, phone_number_other) VALUES (148, 0, 'Феденев', 'Игорь', NULL, '89028090459', NULL);
INSERT INTO car_repair_account_property (account_property_id, discount, last_name, first_name, other, phone_number, phone_number_other) VALUES (149, 0, 'Старцев', 'Владимир', NULL, '999999999', NULL);
INSERT INTO car_repair_account_property (account_property_id, discount, last_name, first_name, other, phone_number, phone_number_other) VALUES (150, 0, 'Бушуев', 'Юрий', NULL, '89027977709', NULL);
INSERT INTO car_repair_account_property (account_property_id, discount, last_name, first_name, other, phone_number, phone_number_other) VALUES (151, 0, 'Хозеев', 'Роман', NULL, '89068786503', NULL);
INSERT INTO car_repair_account_property (account_property_id, discount, last_name, first_name, other, phone_number, phone_number_other) VALUES (152, 0, 'Лоос', 'Герман', NULL, '89082739009', NULL);
INSERT INTO car_repair_account_property (account_property_id, discount, last_name, first_name, other, phone_number, phone_number_other) VALUES (153, 0, 'Ичетовкин', 'Вадим', NULL, '89519492083', NULL);
INSERT INTO car_repair_account_property (account_property_id, discount, last_name, first_name, other, phone_number, phone_number_other) VALUES (154, 0, 'Разумихин', 'Евгений', NULL, '89194638386', NULL);
INSERT INTO car_repair_account_property (account_property_id, discount, last_name, first_name, other, phone_number, phone_number_other) VALUES (155, 0, 'Шахтаров', 'Юрий', NULL, '89028088836', NULL);
INSERT INTO car_repair_account_property (account_property_id, discount, last_name, first_name, other, phone_number, phone_number_other) VALUES (156, 0, 'Лушников', 'Роман', NULL, '89091097274', NULL);
INSERT INTO car_repair_account_property (account_property_id, discount, last_name, first_name, other, phone_number, phone_number_other) VALUES (157, 0, 'Носков', 'Леонид', NULL, '89024745387', NULL);
INSERT INTO car_repair_account_property (account_property_id, discount, last_name, first_name, other, phone_number, phone_number_other) VALUES (158, 0, 'Некрасов', 'Алексей', NULL, '89129813073', NULL);
INSERT INTO car_repair_account_property (account_property_id, discount, last_name, first_name, other, phone_number, phone_number_other) VALUES (159, 0, 'Янышев', 'Владимир', NULL, '89519442344', NULL);
INSERT INTO car_repair_account_property (account_property_id, discount, last_name, first_name, other, phone_number, phone_number_other) VALUES (160, 0, 'Пермяков', 'Сергей', NULL, '89655537357', NULL);
INSERT INTO car_repair_account_property (account_property_id, discount, last_name, first_name, other, phone_number, phone_number_other) VALUES (161, 0, 'Шевченко', 'Алексей', NULL, '89519442344', NULL);
INSERT INTO car_repair_account_property (account_property_id, discount, last_name, first_name, other, phone_number, phone_number_other) VALUES (162, 0, 'Михеева', 'Наталья', NULL, '89194574196', NULL);
INSERT INTO car_repair_account_property (account_property_id, discount, last_name, first_name, other, phone_number, phone_number_other) VALUES (163, 0, 'Жуков', 'Алексей', NULL, '896388459', NULL);
INSERT INTO car_repair_account_property (account_property_id, discount, last_name, first_name, other, phone_number, phone_number_other) VALUES (164, 0, 'Жвакина', 'Елена', NULL, '89197194843', NULL);
INSERT INTO car_repair_account_property (account_property_id, discount, last_name, first_name, other, phone_number, phone_number_other) VALUES (165, 0, 'Марусов ', 'Максим', NULL, '89125825145', NULL);
INSERT INTO car_repair_account_property (account_property_id, discount, last_name, first_name, other, phone_number, phone_number_other) VALUES (166, 0, 'Волгарев', 'Василий', NULL, '89194992972', NULL);
INSERT INTO car_repair_account_property (account_property_id, discount, last_name, first_name, other, phone_number, phone_number_other) VALUES (167, 0, 'Пупырев', 'Дмитрий', NULL, '89127881442', NULL);
INSERT INTO car_repair_account_property (account_property_id, discount, last_name, first_name, other, phone_number, phone_number_other) VALUES (168, 0, 'Бобрикова', 'Светлана', NULL, '89655662887', NULL);
INSERT INTO car_repair_account_property (account_property_id, discount, last_name, first_name, other, phone_number, phone_number_other) VALUES (169, 0, 'Кривощеков', 'Владимир', NULL, '89028365072', NULL);
INSERT INTO car_repair_account_property (account_property_id, discount, last_name, first_name, other, phone_number, phone_number_other) VALUES (170, 0, 'Бабан', 'Вадим', NULL, '89655630311', NULL);
INSERT INTO car_repair_account_property (account_property_id, discount, last_name, first_name, other, phone_number, phone_number_other) VALUES (171, 0, 'Привалов', 'Аркадий', NULL, '89641861580', NULL);
INSERT INTO car_repair_account_property (account_property_id, discount, last_name, first_name, other, phone_number, phone_number_other) VALUES (172, 0, 'Момотов', 'Александр', NULL, '89048435569', NULL);
INSERT INTO car_repair_account_property (account_property_id, discount, last_name, first_name, other, phone_number, phone_number_other) VALUES (173, 0, 'Ломов', 'Анатолий', NULL, '89028316002', NULL);
INSERT INTO car_repair_account_property (account_property_id, discount, last_name, first_name, other, phone_number, phone_number_other) VALUES (174, 0, 'Сюркаев', 'Роман', NULL, '89630118974', NULL);
INSERT INTO car_repair_account_property (account_property_id, discount, last_name, first_name, other, phone_number, phone_number_other) VALUES (175, 0, 'Кириллов', 'Борис', NULL, '89194625613', NULL);
INSERT INTO car_repair_account_property (account_property_id, discount, last_name, first_name, other, phone_number, phone_number_other) VALUES (176, 0, 'Кокшаров', 'Игорь', NULL, '8982248433', NULL);
INSERT INTO car_repair_account_property (account_property_id, discount, last_name, first_name, other, phone_number, phone_number_other) VALUES (177, 0, 'Лавров', 'Алексей', NULL, '89125856292', NULL);
INSERT INTO car_repair_account_property (account_property_id, discount, last_name, first_name, other, phone_number, phone_number_other) VALUES (178, 0, 'Вяткин ', 'Валерий ', NULL, '89027932687', NULL);
INSERT INTO car_repair_account_property (account_property_id, discount, last_name, first_name, other, phone_number, phone_number_other) VALUES (179, 0, 'Вепрев', 'Владимир', NULL, '89824897064', NULL);
INSERT INTO car_repair_account_property (account_property_id, discount, last_name, first_name, other, phone_number, phone_number_other) VALUES (180, 0, 'Руденский', 'Тимофей', NULL, '89519282642', NULL);
INSERT INTO car_repair_account_property (account_property_id, discount, last_name, first_name, other, phone_number, phone_number_other) VALUES (181, 0, 'Седова', 'Ирина', NULL, '89091101444', NULL);
INSERT INTO car_repair_account_property (account_property_id, discount, last_name, first_name, other, phone_number, phone_number_other) VALUES (182, 0, 'Тянь', 'Юрий', NULL, '89048489842', NULL);
INSERT INTO car_repair_account_property (account_property_id, discount, last_name, first_name, other, phone_number, phone_number_other) VALUES (183, 0, 'Высоков', 'Сергей', NULL, '89824519870', NULL);
INSERT INTO car_repair_account_property (account_property_id, discount, last_name, first_name, other, phone_number, phone_number_other) VALUES (184, 0, 'Носов', 'Сергей', NULL, '89048481195', NULL);
INSERT INTO car_repair_account_property (account_property_id, discount, last_name, first_name, other, phone_number, phone_number_other) VALUES (185, 0, 'Старков', 'Вечеслав', NULL, '89194855630', NULL);
INSERT INTO car_repair_account_property (account_property_id, discount, last_name, first_name, other, phone_number, phone_number_other) VALUES (186, 0, 'Хрущ', 'Николай', NULL, '89128888651', NULL);
INSERT INTO car_repair_account_property (account_property_id, discount, last_name, first_name, other, phone_number, phone_number_other) VALUES (187, 0, 'Уткина', 'Марина', NULL, '89526538689', NULL);
INSERT INTO car_repair_account_property (account_property_id, discount, last_name, first_name, other, phone_number, phone_number_other) VALUES (188, 0, 'Барабошкин', 'Евгений', NULL, '89028096816', NULL);
INSERT INTO car_repair_account_property (account_property_id, discount, last_name, first_name, other, phone_number, phone_number_other) VALUES (189, 0, 'Полуянов', 'Андрей', NULL, '89082762250', NULL);
INSERT INTO car_repair_account_property (account_property_id, discount, last_name, first_name, other, phone_number, phone_number_other) VALUES (190, 0, 'Семенов', 'Николай', NULL, '89197112169', NULL);
INSERT INTO car_repair_account_property (account_property_id, discount, last_name, first_name, other, phone_number, phone_number_other) VALUES (191, 0, 'Трудвасев', 'Александр', NULL, '89523330475', NULL);
INSERT INTO car_repair_account_property (account_property_id, discount, last_name, first_name, other, phone_number, phone_number_other) VALUES (192, 0, 'Баландин', 'Александр', NULL, '89223257030', NULL);
INSERT INTO car_repair_account_property (account_property_id, discount, last_name, first_name, other, phone_number, phone_number_other) VALUES (193, 0, 'Штукатуров', 'Владимир', NULL, '89194777042', NULL);
INSERT INTO car_repair_account_property (account_property_id, discount, last_name, first_name, other, phone_number, phone_number_other) VALUES (194, 0, 'Колточенко', 'Любовь', NULL, '89026325990', NULL);





INSERT INTO company_account (company_id, account_id) VALUES (1, 1);
INSERT INTO company_account (company_id, account_id) VALUES (1, 2);
INSERT INTO company_account (company_id, account_id) VALUES (1, 3);
INSERT INTO company_account (company_id, account_id) VALUES (1, 4);
INSERT INTO company_account (company_id, account_id) VALUES (1, 5);
INSERT INTO company_account (company_id, account_id) VALUES (1, 6);
INSERT INTO company_account (company_id, account_id) VALUES (1, 7);
INSERT INTO company_account (company_id, account_id) VALUES (2, 8);
INSERT INTO company_account (company_id, account_id) VALUES (1, 8);

INSERT INTO company_account (company_id, account_id) VALUES (1, 9);
INSERT INTO company_account (company_id, account_id) VALUES (1, 10);
INSERT INTO company_account (company_id, account_id) VALUES (1, 11);
INSERT INTO company_account (company_id, account_id) VALUES (1, 12);
INSERT INTO company_account (company_id, account_id) VALUES (1, 13);
INSERT INTO company_account (company_id, account_id) VALUES (1, 14);
INSERT INTO company_account (company_id, account_id) VALUES (1, 15);
INSERT INTO company_account (company_id, account_id) VALUES (1, 16);
INSERT INTO company_account (company_id, account_id) VALUES (1, 17);
INSERT INTO company_account (company_id, account_id) VALUES (1, 18);
INSERT INTO company_account (company_id, account_id) VALUES (1, 19);
INSERT INTO company_account (company_id, account_id) VALUES (1, 20);
INSERT INTO company_account (company_id, account_id) VALUES (1, 21);
INSERT INTO company_account (company_id, account_id) VALUES (1, 22);
INSERT INTO company_account (company_id, account_id) VALUES (1, 23);
INSERT INTO company_account (company_id, account_id) VALUES (1, 24);
INSERT INTO company_account (company_id, account_id) VALUES (1, 25);
INSERT INTO company_account (company_id, account_id) VALUES (1, 26);
INSERT INTO company_account (company_id, account_id) VALUES (1, 27);
INSERT INTO company_account (company_id, account_id) VALUES (1, 28);
INSERT INTO company_account (company_id, account_id) VALUES (1, 29);
INSERT INTO company_account (company_id, account_id) VALUES (1, 30);
INSERT INTO company_account (company_id, account_id) VALUES (1, 31);
INSERT INTO company_account (company_id, account_id) VALUES (1, 32);
INSERT INTO company_account (company_id, account_id) VALUES (1, 33);
INSERT INTO company_account (company_id, account_id) VALUES (1, 34);
INSERT INTO company_account (company_id, account_id) VALUES (1, 35);
INSERT INTO company_account (company_id, account_id) VALUES (1, 36);
INSERT INTO company_account (company_id, account_id) VALUES (1, 37);
INSERT INTO company_account (company_id, account_id) VALUES (1, 38);
INSERT INTO company_account (company_id, account_id) VALUES (1, 39);
INSERT INTO company_account (company_id, account_id) VALUES (1, 40);
INSERT INTO company_account (company_id, account_id) VALUES (1, 41);
INSERT INTO company_account (company_id, account_id) VALUES (1, 42);
INSERT INTO company_account (company_id, account_id) VALUES (1, 43);
INSERT INTO company_account (company_id, account_id) VALUES (1, 44);
INSERT INTO company_account (company_id, account_id) VALUES (1, 45);
INSERT INTO company_account (company_id, account_id) VALUES (1, 46);
INSERT INTO company_account (company_id, account_id) VALUES (1, 47);
INSERT INTO company_account (company_id, account_id) VALUES (1, 48);
INSERT INTO company_account (company_id, account_id) VALUES (1, 49);
INSERT INTO company_account (company_id, account_id) VALUES (1, 50);
INSERT INTO company_account (company_id, account_id) VALUES (1, 51);
INSERT INTO company_account (company_id, account_id) VALUES (1, 52);
INSERT INTO company_account (company_id, account_id) VALUES (1, 53);
INSERT INTO company_account (company_id, account_id) VALUES (1, 54);
INSERT INTO company_account (company_id, account_id) VALUES (1, 55);
INSERT INTO company_account (company_id, account_id) VALUES (1, 56);
INSERT INTO company_account (company_id, account_id) VALUES (1, 57);
INSERT INTO company_account (company_id, account_id) VALUES (1, 58);
INSERT INTO company_account (company_id, account_id) VALUES (1, 59);
INSERT INTO company_account (company_id, account_id) VALUES (1, 60);
INSERT INTO company_account (company_id, account_id) VALUES (1, 61);
INSERT INTO company_account (company_id, account_id) VALUES (1, 62);
INSERT INTO company_account (company_id, account_id) VALUES (1, 63);
INSERT INTO company_account (company_id, account_id) VALUES (1, 64);
INSERT INTO company_account (company_id, account_id) VALUES (1, 65);
INSERT INTO company_account (company_id, account_id) VALUES (1, 66);
INSERT INTO company_account (company_id, account_id) VALUES (1, 67);
INSERT INTO company_account (company_id, account_id) VALUES (1, 68);
INSERT INTO company_account (company_id, account_id) VALUES (1, 69);
INSERT INTO company_account (company_id, account_id) VALUES (1, 70);
INSERT INTO company_account (company_id, account_id) VALUES (1, 71);
INSERT INTO company_account (company_id, account_id) VALUES (1, 72);
INSERT INTO company_account (company_id, account_id) VALUES (1, 73);
INSERT INTO company_account (company_id, account_id) VALUES (1, 74);
INSERT INTO company_account (company_id, account_id) VALUES (1, 75);
INSERT INTO company_account (company_id, account_id) VALUES (1, 76);
INSERT INTO company_account (company_id, account_id) VALUES (1, 77);
INSERT INTO company_account (company_id, account_id) VALUES (1, 78);
INSERT INTO company_account (company_id, account_id) VALUES (1, 79);
INSERT INTO company_account (company_id, account_id) VALUES (1, 80);
INSERT INTO company_account (company_id, account_id) VALUES (1, 81);
INSERT INTO company_account (company_id, account_id) VALUES (1, 82);
INSERT INTO company_account (company_id, account_id) VALUES (1, 83);
INSERT INTO company_account (company_id, account_id) VALUES (1, 84);
INSERT INTO company_account (company_id, account_id) VALUES (1, 85);
INSERT INTO company_account (company_id, account_id) VALUES (1, 86);
INSERT INTO company_account (company_id, account_id) VALUES (1, 87);
INSERT INTO company_account (company_id, account_id) VALUES (1, 88);
INSERT INTO company_account (company_id, account_id) VALUES (1, 89);
INSERT INTO company_account (company_id, account_id) VALUES (1, 90);
INSERT INTO company_account (company_id, account_id) VALUES (1, 91);
INSERT INTO company_account (company_id, account_id) VALUES (1, 92);
INSERT INTO company_account (company_id, account_id) VALUES (1, 93);
INSERT INTO company_account (company_id, account_id) VALUES (1, 94);
INSERT INTO company_account (company_id, account_id) VALUES (1, 95);
INSERT INTO company_account (company_id, account_id) VALUES (1, 96);
INSERT INTO company_account (company_id, account_id) VALUES (1, 97);
INSERT INTO company_account (company_id, account_id) VALUES (1, 98);
INSERT INTO company_account (company_id, account_id) VALUES (1, 99);
INSERT INTO company_account (company_id, account_id) VALUES (1, 100);
INSERT INTO company_account (company_id, account_id) VALUES (1, 101);
INSERT INTO company_account (company_id, account_id) VALUES (1, 102);
INSERT INTO company_account (company_id, account_id) VALUES (1, 103);
INSERT INTO company_account (company_id, account_id) VALUES (1, 104);
INSERT INTO company_account (company_id, account_id) VALUES (1, 105);
INSERT INTO company_account (company_id, account_id) VALUES (1, 106);
INSERT INTO company_account (company_id, account_id) VALUES (1, 107);
INSERT INTO company_account (company_id, account_id) VALUES (1, 108);
INSERT INTO company_account (company_id, account_id) VALUES (1, 109);
INSERT INTO company_account (company_id, account_id) VALUES (1, 110);
INSERT INTO company_account (company_id, account_id) VALUES (1, 111);
INSERT INTO company_account (company_id, account_id) VALUES (1, 112);
INSERT INTO company_account (company_id, account_id) VALUES (1, 113);
INSERT INTO company_account (company_id, account_id) VALUES (1, 114);
INSERT INTO company_account (company_id, account_id) VALUES (1, 115);
INSERT INTO company_account (company_id, account_id) VALUES (1, 116);
INSERT INTO company_account (company_id, account_id) VALUES (1, 117);
INSERT INTO company_account (company_id, account_id) VALUES (1, 118);
INSERT INTO company_account (company_id, account_id) VALUES (1, 119);
INSERT INTO company_account (company_id, account_id) VALUES (1, 120);
INSERT INTO company_account (company_id, account_id) VALUES (1, 121);
INSERT INTO company_account (company_id, account_id) VALUES (1, 122);
INSERT INTO company_account (company_id, account_id) VALUES (1, 123);
INSERT INTO company_account (company_id, account_id) VALUES (1, 124);
INSERT INTO company_account (company_id, account_id) VALUES (1, 125);
INSERT INTO company_account (company_id, account_id) VALUES (1, 126);
INSERT INTO company_account (company_id, account_id) VALUES (1, 127);
INSERT INTO company_account (company_id, account_id) VALUES (1, 128);
INSERT INTO company_account (company_id, account_id) VALUES (1, 129);
INSERT INTO company_account (company_id, account_id) VALUES (1, 130);
INSERT INTO company_account (company_id, account_id) VALUES (1, 131);
INSERT INTO company_account (company_id, account_id) VALUES (1, 132);
INSERT INTO company_account (company_id, account_id) VALUES (1, 133);
INSERT INTO company_account (company_id, account_id) VALUES (1, 134);
INSERT INTO company_account (company_id, account_id) VALUES (1, 135);
INSERT INTO company_account (company_id, account_id) VALUES (1, 136);
INSERT INTO company_account (company_id, account_id) VALUES (1, 137);
INSERT INTO company_account (company_id, account_id) VALUES (1, 138);
INSERT INTO company_account (company_id, account_id) VALUES (1, 139);
INSERT INTO company_account (company_id, account_id) VALUES (1, 140);
INSERT INTO company_account (company_id, account_id) VALUES (1, 141);
INSERT INTO company_account (company_id, account_id) VALUES (1, 142);
INSERT INTO company_account (company_id, account_id) VALUES (1, 143);
INSERT INTO company_account (company_id, account_id) VALUES (1, 144);
INSERT INTO company_account (company_id, account_id) VALUES (1, 145);
INSERT INTO company_account (company_id, account_id) VALUES (1, 146);
INSERT INTO company_account (company_id, account_id) VALUES (1, 147);
INSERT INTO company_account (company_id, account_id) VALUES (1, 148);
INSERT INTO company_account (company_id, account_id) VALUES (1, 149);
INSERT INTO company_account (company_id, account_id) VALUES (1, 150);
INSERT INTO company_account (company_id, account_id) VALUES (1, 151);
INSERT INTO company_account (company_id, account_id) VALUES (1, 152);
INSERT INTO company_account (company_id, account_id) VALUES (1, 153);
INSERT INTO company_account (company_id, account_id) VALUES (1, 154);
INSERT INTO company_account (company_id, account_id) VALUES (1, 155);
INSERT INTO company_account (company_id, account_id) VALUES (1, 156);
INSERT INTO company_account (company_id, account_id) VALUES (1, 157);
INSERT INTO company_account (company_id, account_id) VALUES (1, 158);
INSERT INTO company_account (company_id, account_id) VALUES (1, 159);
INSERT INTO company_account (company_id, account_id) VALUES (1, 160);
INSERT INTO company_account (company_id, account_id) VALUES (1, 161);
INSERT INTO company_account (company_id, account_id) VALUES (1, 162);
INSERT INTO company_account (company_id, account_id) VALUES (1, 163);
INSERT INTO company_account (company_id, account_id) VALUES (1, 164);
INSERT INTO company_account (company_id, account_id) VALUES (1, 165);
INSERT INTO company_account (company_id, account_id) VALUES (1, 166);
INSERT INTO company_account (company_id, account_id) VALUES (1, 167);
INSERT INTO company_account (company_id, account_id) VALUES (1, 168);
INSERT INTO company_account (company_id, account_id) VALUES (1, 169);
INSERT INTO company_account (company_id, account_id) VALUES (1, 170);
INSERT INTO company_account (company_id, account_id) VALUES (1, 171);
INSERT INTO company_account (company_id, account_id) VALUES (1, 172);
INSERT INTO company_account (company_id, account_id) VALUES (1, 173);
INSERT INTO company_account (company_id, account_id) VALUES (1, 174);
INSERT INTO company_account (company_id, account_id) VALUES (1, 175);
INSERT INTO company_account (company_id, account_id) VALUES (1, 176);
INSERT INTO company_account (company_id, account_id) VALUES (1, 177);
INSERT INTO company_account (company_id, account_id) VALUES (1, 178);
INSERT INTO company_account (company_id, account_id) VALUES (1, 179);
INSERT INTO company_account (company_id, account_id) VALUES (1, 180);
INSERT INTO company_account (company_id, account_id) VALUES (1, 181);
INSERT INTO company_account (company_id, account_id) VALUES (1, 182);
INSERT INTO company_account (company_id, account_id) VALUES (1, 183);
INSERT INTO company_account (company_id, account_id) VALUES (1, 184);
INSERT INTO company_account (company_id, account_id) VALUES (1, 185);
INSERT INTO company_account (company_id, account_id) VALUES (1, 186);
INSERT INTO company_account (company_id, account_id) VALUES (1, 187);
INSERT INTO company_account (company_id, account_id) VALUES (1, 188);
INSERT INTO company_account (company_id, account_id) VALUES (1, 189);
INSERT INTO company_account (company_id, account_id) VALUES (1, 190);
INSERT INTO company_account (company_id, account_id) VALUES (1, 191);
INSERT INTO company_account (company_id, account_id) VALUES (1, 192);
INSERT INTO company_account (company_id, account_id) VALUES (1, 193);
INSERT INTO company_account (company_id, account_id) VALUES (1, 194);


INSERT INTO CAR_MARK (CAR_MARK_ID,CAR_MARK_NAME) VALUES (1,'Acura'),(2,'Alfa Romeo'),(3,'Alpina'),(4,'Aro'),(5,'Asia'),(6,'Aston Martin'),(7,'Audi'),(8,'Austin'),(9,'Bentley'),(10,'BMW'),(11,'Brilliance'),(12,'Bugatti'),(13,'Buick'),(14,'BYD'),(15,'Cadillac'),(16,'Caterham'),(17,'ChangFeng'),(18,'Chery'),(19,'Chevrolet'),(20,'Chrysler'),(21,'Citroen'),(22,'Coggiola'),(23,'Dacia'),(24,'Dadi'),(25,'Daewoo'),(26,'Daihatsu'),(27,'Daimler'),(28,'Derways'),(29,'Dodge'),(30,'Dong Feng'),(31,'Doninvest'),(32,'Donkervoort'),(33,'Eagle'),(34,'FAW'),(35,'Ferrari'),(36,'Fiat'),(37,'Ford'),(38,'Geely'),(39,'Geo'),(40,'GMC'),(41,'Great Wall'),(42,'Hafei'),(43,'Honda'),(44,'HuangHai'),(45,'Hummer'),(46,'Hyundai'),(47,'Infiniti'),(48,'Iran Khodro'),(49,'Isuzu'),(50,'JAC'),(51,'Jaguar'),(52,'Jeep'),(53,'Kia'),(54,'Koenigsegg'),(55,'Lamborghini'),(56,'Lancia'),(57,'Land Rover'),(58,'Landwind'),(59,'Lexus'),(60,'Lifan'),(61,'Lincoln'),(62,'Lotus'),(63,'Mahindra'),(64,'Maruti'),(65,'Maserati'),(66,'Maybach'),(67,'Mazda'),(68,'Mercedes-Benz'),(69,'Mercury'),(70,'Metrocab'),(71,'MG'),(72,'Microcar'),(73,'Mini'),(74,'Mitsubishi'),(75,'Mitsuoka'),(76,'Morgan'),(77,'Nissan'),(78,'Oldsmobile'),(79,'Opel'),(80,'Pagani'),(81,'Peugeot'),(82,'Plymouth'),(83,'Pontiac'),(84,'Porsche'),(85,'Proton'),(86,'PUCH'),(87,'Renault'),(88,'Rolls-Royce'),(89,'Rover'),(90,'Saab'),(91,'Saleen'),(92,'Saturn'),(93,'Scion'),(94,'SEAT'),(95,'ShuangHuan'),(96,'Skoda'),(97,'Smart'),(98,'Spyker'),(99,'SsangYong'),(100,'Subaru'),(101,'Suzuki'),(102,'Tatra'),(103,'Tianma'),(104,'Tianye'),(105,'Toyota'),(106,'Trabant'),(107,'TVR'),(108,'Vector'),(109,'Volkswagen'),(110,'Volvo'),(111,'Wartburg'),(112,'Wiesmann'),(113,'Xin Kai'),(114,'ZX'),(115,'ВАЗ'),(116,'Велта'),(117,'ГАЗ'),(118,'ЗАЗ'),(119,'ЗИЛ'),(120,'ИЖ'),(121,'КАМАЗ'),(122,'ЛУАЗ'),(123,'Москвич'),(124,'СеАЗ'),(125,'СМЗ'),(126,'ТагАЗ'),(127,'УАЗ');

INSERT INTO CAR_MODEL (CAR_MODEL_ID, CAR_MARK_ID, CAR_MODEL_NAME) VALUES (1,1,'CL'),(2,1,'EL'),(3,1,'Integra'),(4,1,'MDX'),(5,1,'NSX'),(6,1,'RDX'),(7,1,'RL'),(8,1,'RSX'),(9,1,'TL'),(10,1,'TSX'),(11,2,'33'),(12,2,'75'),(13,2,'145'),(14,2,'146'),(15,2,'147'),(16,2,'155'),(17,2,'156'),(18,2,'159'),(19,2,'164'),(20,2,'166'),(21,2,'Alfetta'),(22,2,'Brera'),(23,2,'GT'),(24,2,'GTV'),(25,2,'Giulietta'),(26,2,'Spider'),(27,3,'B11'),(28,3,'B12'),(29,3,'B3'),(30,3,'B6'),(31,3,'B7'),(32,3,'Roadster S'),(33,4,'10'),(34,4,'24'),(35,5,'Rocsta'),(36,6,'DB7'),(37,6,'DB9'),(38,6,'DBS'),(39,6,'V12 Vanquish'),(40,6,'V8'),(41,7,'80'),(42,7,'90'),(43,7,'100'),(44,7,'200'),(45,7,'A2'),(46,7,'A3'),(47,7,'A4'),(48,7,'A5'),(49,7,'A6'),(50,7,'A8'),(51,7,'Allroad'),(52,7,'Cabriolet'),(53,7,'Coupe'),(54,7,'Q7'),(55,7,'Quattro'),(56,7,'R8'),(57,7,'RS4'),(58,7,'RS6'),(59,7,'S2'),(60,7,'S3'),(61,7,'S4'),(62,7,'S5'),(63,7,'S6'),(64,7,'S8'),(65,7,'TT'),(66,7,'V8 (D11)'),(67,8,'Metro'),(68,8,'Mini MK'),(69,8,'Montego'),(70,9,'Arnage'),(71,9,'Azure'),(72,9,'Brooklands'),(73,9,'Continental'),(74,9,'Mulsanne'),(75,9,'Turbo R'),(76,10,'02 (E10)'),(77,10,'1er 116'),(78,10,'1er 118'),(79,10,'1er 120'),(80,10,'1er 130'),(81,10,'3er 315'),(82,10,'3er 316'),(83,10,'3er 318'),(84,10,'3er 320'),(85,10,'3er 323'),(86,10,'3er 324'),(87,10,'3er 325'),(88,10,'3er 328'),(89,10,'3er 330'),(90,10,'3er 335'),(91,10,'5er 518'),(92,10,'5er 520'),(93,10,'5er 523'),(94,10,'5er 524'),(95,10,'5er 525'),(96,10,'5er 528'),(97,10,'5er 530'),(98,10,'5er 535'),(99,10,'5er 540'),(100,10,'5er 545'),(101,10,'5er 550'),(102,10,'6er 628'),(103,10,'6er 630'),(104,10,'6er 635'),(105,10,'6er 645'),(106,10,'6er 650'),(107,10,'7er 725'),(108,10,'7er 728'),(109,10,'7er 730'),(110,10,'7er 732'),(111,10,'7er 735'),(112,10,'7er 740'),(113,10,'7er 745'),(114,10,'7er 750'),(115,10,'7er 760'),(116,10,'8er 850'),(117,10,'M3'),(118,10,'M5'),(119,10,'M6'),(120,10,'X3'),(121,10,'X5'),(122,10,'X6'),(123,10,'Z1'),(124,10,'Z3'),(125,10,'Z3 M'),(126,10,'Z4'),(127,10,'Z4 M'),(128,10,'Z8'),(129,11,'M1'),(130,11,'M2'),(131,12,'57 SC Atlantic'),(132,12,'EB 16.4'),(133,13,'Century'),(134,13,'Enclave'),(135,13,'LE Sabre'),(136,13,'Park Avenue'),(137,13,'Reatta'),(138,13,'Rendezvous'),(139,13,'Riviera'),(140,13,'Roadmaster'),(141,13,'Skylark'),(142,14,'F3'),(143,14,'FLYER II'),(144,15,'BLS'),(145,15,'CTS'),(146,15,'Catera'),(147,15,'DE Ville'),(148,15,'Eldorado'),(149,15,'Escalade'),(150,15,'Fleetwood'),(151,15,'SRX'),(152,15,'STS'),(153,15,'Seville'),(154,15,'XLR'),(155,16,'Super Seven'),(156,17,'Flying'),(157,17,'SUV'),(158,18,'Amulet'),(159,18,'Flagcloud'),(160,18,'Fora'),(161,18,'Kimo (A1)'),(162,18,'Oriental Son'),(163,18,'QQ6 (S21)'),(164,18,'Sweet (QQ)'),(165,18,'Tiggo'),(166,19,'Alero'),(167,19,'Astro'),(168,19,'Avalanche'),(169,19,'Aveo'),(170,19,'Beretta'),(171,19,'Blazer'),(172,19,'C-10'),(173,19,'Camaro'),(174,19,'Caprice'),(175,19,'Captiva'),(176,19,'Cavalier'),(177,19,'Cobalt'),(178,19,'Colorado'),(179,19,'Corsica'),(180,19,'Corvette'),(181,19,'Epica'),(182,19,'Equinox'),(183,19,'Evanda'),(184,19,'Express'),(185,19,'Geo Storm'),(186,19,'HHR'),(187,19,'Impala'),(188,19,'Lacetti'),(189,19,'Lanos'),(190,19,'Lumina'),(191,19,'Metro'),(192,19,'Niva'),(193,19,'Prizm'),(194,19,'Rezzo'),(195,19,'SSR'),(196,19,'Savana'),(197,19,'Silverado'),(198,19,'Spark'),(199,19,'Starcraft'),(200,19,'Suburban'),(201,19,'Tahoe'),(202,19,'Tracker'),(203,19,'Trailblazer'),(204,19,'Uplander'),(205,19,'Van'),(206,19,'Venture'),(207,19,'Viva'),(208,20,'300C'),(209,20,'300M'),(210,20,'Aspen'),(211,20,'Cirrus'),(212,20,'Concorde'),(213,20,'Crossfire'),(214,20,'Fifth Avenue'),(215,20,'Grand Voyager'),(216,20,'Intrepid'),(217,20,'LE Baron'),(218,20,'LHS'),(219,20,'NEW Yorker'),(220,20,'Neon'),(221,20,'PT Cruiser'),(222,20,'Pacifica'),(223,20,'Prowler'),(224,20,'Saratoga'),(225,20,'Sebring'),(226,20,'Stratus'),(227,20,'Town &amp; Country'),(228,20,'Tracker'),(229,20,'Vision'),(230,20,'Voyager'),(231,21,'AX'),(232,21,'BX'),(233,21,'Berlingo'),(234,21,'C2'),(235,21,'C25'),(236,21,'C3'),(237,21,'C4'),(238,21,'C4 Picasso'),(239,21,'C5'),(240,21,'C6'),(241,21,'C8'),(242,21,'Evasion'),(243,21,'Jumper'),(244,21,'Jumpy'),(245,21,'LNA'),(246,21,'Saxo'),(247,21,'Visa'),(248,21,'XM'),(249,21,'Xantia'),(250,21,'Xsara'),(251,21,'Xsara Picasso'),(252,21,'ZX'),(253,22,'T-Rex'),(254,23,'1410'),(255,24,'City Leading'),(256,24,'Shuttle'),(257,25,'Damas'),(258,25,'Espero'),(259,25,'Evanda'),(260,25,'Kalos'),(261,25,'LE Mans'),(262,25,'Lacetti'),(263,25,'Lanos'),(264,25,'Leganza'),(265,25,'Magnus'),(266,25,'Matiz'),(267,25,'Nexia'),(268,25,'Nubira'),(269,25,'Prince'),(270,25,'Racer'),(271,25,'Rezzo'),(272,25,'Tacuma'),(273,25,'Tico'),(274,26,'Altis'),(275,26,'Applause'),(276,26,'Atrai/extol'),(277,26,'Be-go'),(278,26,'Boon'),(279,26,'Charade'),(280,26,'Copen'),(281,26,'Cuore'),(282,26,'Esse'),(283,26,'Feroza'),(284,26,'Materia'),(285,26,'Mira'),(286,26,'Move'),(287,26,'Pyzar'),(288,26,'Rocky'),(289,26,'Sirion'),(290,26,'Storia'),(291,26,'Terios'),(292,26,'YRV'),(293,27,'2.8 - 5.3'),(294,27,'Limousine'),(295,28,'Aurora'),(296,28,'Cowboy'),(297,28,'Plutus'),(298,28,'Shuttle'),(299,29,'Avenger'),(300,29,'Caliber'),(301,29,'Caravan'),(302,29,'Challenger'),(303,29,'Charger'),(304,29,'Dakota'),(305,29,'Durango'),(306,29,'Grand Caravan'),(307,29,'Intrepid'),(308,29,'Magnum'),(309,29,'Neon'),(310,29,'Nitro'),(311,29,'RAM'),(312,29,'Ramcharger'),(313,29,'Shadow'),(314,29,'Spirit'),(315,29,'Stealth'),(316,29,'Stratus'),(317,29,'Viper'),(318,30,'MPV'),(319,31,'Assol'),(320,31,'Kondor'),(321,31,'Orion'),(322,32,'D8'),(323,33,'Talon'),(324,33,'Vision'),(325,34,'Admiral'),(326,34,'Jinn'),(327,34,'Vita'),(328,35,'360'),(329,35,'430'),(330,35,'599'),(331,35,'612 Scaglietti'),(332,35,'California'),(333,35,'Enzo'),(334,35,'F355'),(335,35,'Maranello'),(336,35,'Mondial'),(337,35,'Testarossa'),(338,36,'131'),(339,36,'Albea'),(340,36,'Barchetta'),(341,36,'Brava'),(342,36,'Bravo'),(343,36,'Cinquecento'),(344,36,'Coupe'),(345,36,'Croma'),(346,36,'Doblo'),(347,36,'Fiorino'),(348,36,'Marea'),(349,36,'Multipla'),(350,36,'New 500'),(351,36,'Palio'),(352,36,'Panda'),(353,36,'Punto'),(354,36,'Regata'),(355,36,'Ritmo'),(356,36,'Sedici'),(357,36,'Seicento'),(358,36,'Stilo'),(359,36,'Tempra'),(360,36,'Tipo'),(361,36,'UNO'),(362,36,'Ulysse'),(363,36,'X 1/9'),(364,37,'Aerostar'),(365,37,'Bronco'),(366,37,'C-MAX'),(367,37,'Capri'),(368,37,'Contour'),(369,37,'Cougar'),(370,37,'Crown Victoria'),(371,37,'Econoline'),(372,37,'Edge'),(373,37,'Escape'),(374,37,'Escort'),(375,37,'Excursion'),(376,37,'Expedition'),(377,37,'Explorer'),(378,37,'F-150'),(379,37,'Fiesta'),(380,37,'Fiesta ST'),(381,37,'Five Hundred'),(382,37,'Focus'),(383,37,'Focus ST'),(384,37,'Freestyle'),(385,37,'Fusion'),(386,37,'Fusion (USA)'),(387,37,'GT'),(388,37,'Galaxy'),(389,37,'Granada'),(390,37,'Granada (USA)'),(391,37,'KA'),(392,37,'Kuga'),(393,37,'Maverick'),(394,37,'Mondeo'),(395,37,'Mustang'),(396,37,'Orion'),(397,37,'Probe'),(398,37,'Puma'),(399,37,'Ranger'),(400,37,'S-MAX'),(401,37,'Scorpio'),(402,37,'Shelby'),(403,37,'Sierra'),(404,37,'Taunus'),(405,37,'Taurus'),(406,37,'Tempo'),(407,37,'Thunderbird'),(408,37,'Tourneo Connect'),(409,37,'Windstar'),(410,38,'MK'),(411,38,'Otaka'),(412,39,'Metro'),(413,39,'Prizm'),(414,39,'Storm'),(415,39,'Tracker'),(416,40,'Acadia'),(417,40,'Envoy'),(418,40,'Jimmy'),(419,40,'Safari'),(420,40,'Savana'),(421,40,'Sierra'),(422,40,'Sonoma'),(423,40,'Yukon'),(424,40,'suburban'),(425,41,'Deer'),(426,41,'Hover'),(427,41,'SUV'),(428,41,'Safe'),(429,41,'Sailor'),(430,41,'Socool'),(431,41,'Wingle'),(432,42,'Brio'),(433,42,'Princip'),(434,42,'Simbo'),(435,43,'Accord'),(436,43,'Airwave'),(437,43,'Avancier'),(438,43,'CR-V'),(439,43,'CRX'),(440,43,'Capa'),(441,43,'City'),(442,43,'Civic'),(443,43,'Civic Shuttle'),(444,43,'Concerto'),(445,43,'Domani'),(446,43,'Edix'),(447,43,'Element'),(448,43,'FIT'),(449,43,'FR-V'),(450,43,'Fit Aria'),(451,43,'Hr-v'),(452,43,'Insight'),(453,43,'Inspire'),(454,43,'Integra'),(455,43,'Jazz'),(456,43,'Legend'),(457,43,'Life'),(458,43,'Logo'),(459,43,'Mobilio'),(460,43,'NSX'),(461,43,'Odyssey'),(462,43,'Orthia'),(463,43,'Partner'),(464,43,'Passport'),(465,43,'Pilot'),(466,43,'Prelude'),(467,43,'Rafaga'),(468,43,'Ridgeline'),(469,43,'S2000'),(470,43,'Saber'),(471,43,'Shuttle'),(472,43,'Sm-x'),(473,43,'Stepwgn'),(474,43,'Stream'),(475,43,'Torneo'),(476,43,'Vamos'),(477,43,'Vigor'),(478,43,'Z'),(479,44,'Antelope'),(480,45,'Hummer'),(481,45,'Hummer H1'),(482,45,'Hummer H2'),(483,45,'Hummer H3'),(484,46,'Accent'),(485,46,'Atos'),(486,46,'Coupe'),(487,46,'Elantra'),(488,46,'Galloper'),(489,46,'Getz'),(490,46,'Grandeur'),(491,46,'H-1 Starex'),(492,46,'H100'),(493,46,'Lavita'),(494,46,'Marcia'),(495,46,'Matrix'),(496,46,'NF'),(497,46,'Pony'),(498,46,'S-Coupe'),(499,46,'Santa FE'),(500,46,'Santamo'),(501,46,'Sonata'),(502,46,'Terracan'),(503,46,'Tiburon'),(504,46,'Trajet'),(505,46,'Tucson'),(506,46,'Tuscani'),(507,46,'Veracruz'),(508,46,'Verna'),(509,46,'XG'),(510,47,'EX'),(511,47,'FX 35'),(512,47,'FX 45'),(513,47,'FX 50'),(514,47,'G35'),(515,47,'G37'),(516,47,'I30'),(517,47,'I35'),(518,47,'J30'),(519,47,'M35'),(520,47,'M45'),(521,47,'Q45'),(522,47,'QX4'),(523,47,'QX56'),(524,48,'Samand'),(525,49,'Ascender'),(526,49,'Aska'),(527,49,'Axiom'),(528,49,'Bighorn'),(529,49,'Gemini'),(530,49,'Impulse'),(531,49,'Rodeo'),(532,49,'Trooper'),(533,49,'VehiCross'),(534,49,'Wizard'),(535,50,'Refine'),(536,50,'Rein'),(537,51,'E-type'),(538,51,'S-type'),(539,51,'X-type'),(540,51,'XF'),(541,51,'XJ'),(542,51,'XJR'),(543,51,'XJS Coupe'),(544,51,'XJSc Convertible'),(545,51,'XK 8'),(546,51,'XKR'),(547,52,'CJ5 - CJ8'),(548,52,'Cherokee'),(549,52,'Commander'),(550,52,'Compass'),(551,52,'Grand Cherokee'),(552,52,'Liberty'),(553,52,'Patriot'),(554,52,'Wrangler'),(555,53,'Avella'),(556,53,'Besta'),(557,53,'Borrego'),(558,53,'Capital'),(559,53,'Carens'),(560,53,'Carnival'),(561,53,'Cee&#039;d'),(562,53,'Cerato'),(563,53,'Clarus'),(564,53,'Joice'),(565,53,'Magentis'),(566,53,'Opirus'),(567,53,'Optima'),(568,53,'Picanto'),(569,53,'Potentia'),(570,53,'Pregio'),(571,53,'Pride'),(572,53,'Retona'),(573,53,'Rio'),(574,53,'Sedona'),(575,53,'Sephia'),(576,53,'Shuma'),(577,53,'Sorento'),(578,53,'Spectra'),(579,53,'Sportage'),(580,53,'Visto'),(581,54,'CC'),(582,55,'Diablo'),(583,55,'Espada'),(584,55,'Gallardo'),(585,55,'Murcielago'),(586,56,'Beta'),(587,56,'Dedra'),(588,56,'Delta'),(589,56,'Kappa'),(590,56,'Lybra'),(591,56,'Phedra'),(592,56,'Thema'),(593,56,'Thesis'),(594,56,'Y'),(595,57,'90/110'),(596,57,'Defender'),(597,57,'Discovery'),(598,57,'Freelander'),(599,57,'Land Rover'),(600,57,'Range Rover'),(601,57,'Range Rover Sport'),(602,58,'Double Gate'),(603,58,'SUV'),(604,59,'ES 300'),(605,59,'ES 330'),(606,59,'ES 350'),(607,59,'GS 300'),(608,59,'GS 350'),(609,59,'GS 400'),(610,59,'GS 430'),(611,59,'GS 450h'),(612,59,'GS 460'),(613,59,'GX'),(614,59,'IS 200'),(615,59,'IS 250'),(616,59,'IS 300'),(617,59,'IS 350'),(618,59,'IS-F'),(619,59,'LS 400'),(620,59,'LS 430'),(621,59,'LS 460'),(622,59,'LS 600'),(623,59,'LX 450'),(624,59,'LX 470'),(625,59,'LX 570'),(626,59,'RX 300'),(627,59,'RX 330'),(628,59,'RX 350'),(629,59,'RX 400h'),(630,59,'SC 300'),(631,59,'SC 400'),(632,59,'SC 430'),(633,60,'Breez (520)'),(634,61,'Aviator'),(635,61,'Continental'),(636,61,'LS'),(637,61,'MKX'),(638,61,'MKZ'),(639,61,'Mark'),(640,61,'Mark LT'),(641,61,'Navigator'),(642,61,'Town Car'),(643,61,'Zephyr'),(644,62,'Elise'),(645,62,'Exige'),(646,62,'Super 7'),(647,63,'Marshal'),(648,64,'Alto'),(649,65,'228'),(650,65,'3200 GT'),(651,65,'4300 GT Coupe'),(652,65,'Biturbo'),(653,65,'Coupe'),(654,65,'GranSport'),(655,65,'GranTurismo'),(656,65,'Quattroporte'),(657,65,'Spyder'),(658,66,'Maybach 57 S и Maybach 62 S'),(659,66,'Maybach 57 и Maybach 62'),(660,67,'121'),(661,67,'323'),(662,67,'626'),(663,67,'929'),(664,67,'Atenza'),(665,67,'Axela'),(666,67,'Az-wagon'),(667,67,'B-serie'),(668,67,'BT-50'),(669,67,'Bongo'),(670,67,'CX-7'),(671,67,'CX-9'),(672,67,'Capella'),(673,67,'Carol'),(674,67,'Demio'),(675,67,'E 2000,2200 Bus'),(676,67,'Eunos 500'),(677,67,'Eunos Cosmo'),(678,67,'Familia'),(679,67,'Lantis'),(680,67,'Levante'),(681,67,'Luce'),(682,67,'MPV'),(683,67,'Mazda 2'),(684,67,'Mazda 3'),(685,67,'Mazda 3 MPS'),(686,67,'Mazda 5'),(687,67,'Mazda 6'),(688,67,'Mazda 6 MPS'),(689,67,'Millenia'),(690,67,'Mx-3'),(691,67,'Mx-5'),(692,67,'Mx-6'),(693,67,'Premacy'),(694,67,'Protege'),(695,67,'RX 7'),(696,67,'Roadster'),(697,67,'Rx-8'),(698,67,'Tribute'),(699,67,'Verisa'),(700,67,'Xedos 6'),(701,67,'Xedos 9'),(702,68,' Cabrio'),(703,68,' Coupe'),(704,68,' T-mod.'),(705,68,'/8'),(706,68,'190'),(707,68,'200'),(708,68,'220'),(709,68,'230'),(710,68,'240'),(711,68,'250'),(712,68,'260'),(713,68,'280'),(714,68,'300'),(715,68,'500'),(716,68,'A-klasse A 140'),(717,68,'A-klasse A 150'),(718,68,'A-klasse A 160'),(719,68,'A-klasse A 170'),(720,68,'A-klasse A 180'),(721,68,'A-klasse A 190'),(722,68,'A-klasse A 200'),(723,68,'A-klasse A 210'),(724,68,'B-klasse B 170'),(725,68,'B-klasse B 180'),(726,68,'B-klasse B 200'),(727,68,'C-klasse C 180'),(728,68,'C-klasse C 200'),(729,68,'C-klasse C 220'),(730,68,'C-klasse C 230'),(731,68,'C-klasse C 240'),(732,68,'C-klasse C 250'),(733,68,'C-klasse C 270'),(734,68,'C-klasse C 280'),(735,68,'C-klasse C 32 AMG'),(736,68,'C-klasse C 320'),(737,68,'C-klasse C 350'),(738,68,'C-klasse C 36 AMG'),(739,68,'C-klasse C 55 AMG'),(740,68,'C-klasse C 63 AMG'),(741,68,'CL-Klasse CL 420'),(742,68,'CL-Klasse CL 500'),(743,68,'CL-Klasse CL 55 AMG'),(744,68,'CL-Klasse CL 600'),(745,68,'CL-Klasse CL 63 AMG'),(746,68,'CL-Klasse CL 65 AMG'),(747,68,'CLC-klasse CLC 220 CDI'),(748,68,'CLK-klasse CLK 200'),(749,68,'CLK-klasse CLK 220'),(750,68,'CLK-klasse CLK 230'),(751,68,'CLK-klasse CLK 240'),(752,68,'CLK-klasse CLK 270'),(753,68,'CLK-klasse CLK 320'),(754,68,'CLK-klasse CLK 350'),(755,68,'CLK-klasse CLK 430'),(756,68,'CLK-klasse CLK 500'),(757,68,'CLK-klasse CLK 55 AMG'),(758,68,'CLK-klasse CLK 63 AMG'),(759,68,'CLS-klasse CLS 320'),(760,68,'CLS-klasse CLS 350'),(761,68,'CLS-klasse CLS 500'),(762,68,'CLS-klasse CLS 55 AMG'),(763,68,'CLS-klasse CLS 63 AMG'),(764,68,'E-klasse E 200'),(765,68,'E-klasse E 220'),(766,68,'E-klasse E 230'),(767,68,'E-klasse E 240'),(768,68,'E-klasse E 250'),(769,68,'E-klasse E 270'),(770,68,'E-klasse E 280'),(771,68,'E-klasse E 290'),(772,68,'E-klasse E 300'),(773,68,'E-klasse E 320'),(774,68,'E-klasse E 350'),(775,68,'E-klasse E 400'),(776,68,'E-klasse E 420'),(777,68,'E-klasse E 430'),(778,68,'E-klasse E 50 AMG'),(779,68,'E-klasse E 500'),(780,68,'E-klasse E 55 AMG'),(781,68,'E-klasse E 63 AMG'),(782,68,'G-Klasse G 230'),(783,68,'G-Klasse G 250'),(784,68,'G-Klasse G 270'),(785,68,'G-Klasse G 280'),(786,68,'G-Klasse G 290'),(787,68,'G-Klasse G 300'),(788,68,'G-Klasse G 320'),(789,68,'G-Klasse G 350'),(790,68,'G-Klasse G 400'),(791,68,'G-Klasse G 500'),(792,68,'G-Klasse G 55 AMG'),(793,68,'GL-klasse GL 320'),(794,68,'GL-klasse GL 420'),(795,68,'GL-klasse GL 450'),(796,68,'GL-klasse GL 500'),(797,68,'GL-klasse GL 550'),(798,68,'M-klasse ML 230'),(799,68,'M-klasse ML 270'),(800,68,'M-klasse ML 280'),(801,68,'M-klasse ML 320'),(802,68,'M-klasse ML 350'),(803,68,'M-klasse ML 400'),(804,68,'M-klasse ML 430'),(805,68,'M-klasse ML 500'),(806,68,'M-klasse ML 55 AMG'),(807,68,'M-klasse ML 63 AMG'),(808,68,'Pullmann'),(809,68,'R-klasse'),(810,68,'R-klasse R 320'),(811,68,'R-klasse R 350'),(812,68,'R-klasse R 500'),(813,68,'S-klasse S 260'),(814,68,'S-klasse S 280'),(815,68,'S-klasse S 300'),(816,68,'S-klasse S 320'),(817,68,'S-klasse S 350'),(818,68,'S-klasse S 380'),(819,68,'S-klasse S 400'),(820,68,'S-klasse S 420'),(821,68,'S-klasse S 430'),(822,68,'S-klasse S 450'),(823,68,'S-klasse S 500'),(824,68,'S-klasse S 55 AMG'),(825,68,'S-klasse S 550'),(826,68,'S-klasse S 560'),(827,68,'S-klasse S 600'),(828,68,'S-klasse S 65 AMG'),(829,68,'SL-klasse SL 280'),(830,68,'SL-klasse SL 300'),(831,68,'SL-klasse SL 320'),(832,68,'SL-klasse SL 350'),(833,68,'SL-klasse SL 380'),(834,68,'SL-klasse SL 420'),(835,68,'SL-klasse SL 450'),(836,68,'SL-klasse SL 500'),(837,68,'SL-klasse SL 55 AMG'),(838,68,'SL-klasse SL 600'),(839,68,'SL-klasse SL 63 AMG'),(840,68,'SL-klasse SL 65 AMG'),(841,68,'SLK-klasse SLK 200'),(842,68,'SLK-klasse SLK 230'),(843,68,'SLK-klasse SLK 280'),(844,68,'SLK-klasse SLK 32 AMG'),(845,68,'SLK-klasse SLK 320'),(846,68,'SLK-klasse SLK 350'),(847,68,'SLK-klasse SLK 55 AMG'),(848,68,'SLR McLaren'),(849,68,'V-klasse V 200'),(850,68,'V-klasse V 220'),(851,68,'V-klasse V 230'),(852,68,'V-klasse V 280'),(853,68,'Vaneo'),(854,68,'Viano'),(855,69,'Capri'),(856,69,'Cougar'),(857,69,'Grand Marquis'),(858,69,'Mariner'),(859,69,'Montego'),(860,69,'Mountaineer'),(861,69,'Mystique'),(862,69,'Sable'),(863,69,'Topaz'),(864,69,'Tracer'),(865,69,'Villager'),(866,70,'Taxi  (II -series)'),(867,71,'MGB'),(868,71,'MGF'),(869,71,'TF'),(870,71,'ZR'),(871,71,'ZT'),(872,72,'MC1'),(873,73,'Clubman'),(874,73,'Cooper'),(875,73,'One'),(876,74,'3000 GT'),(877,74,'Airtrek'),(878,74,'Aspire'),(879,74,'Carisma'),(880,74,'Challenger'),(881,74,'Chariot'),(882,74,'Colt'),(883,74,'Debonair'),(884,74,'Delica'),(885,74,'Diamante'),(886,74,'Dingo'),(887,74,'Dion'),(888,74,'EK Wagon'),(889,74,'Eclipse'),(890,74,'Emeraude'),(891,74,'Endeavor'),(892,74,'FTO'),(893,74,'GTO'),(894,74,'Galant'),(895,74,'Grandis'),(896,74,'L 200'),(897,74,'Lancer'),(898,74,'Lancer'),(899,74,'Lancer Cedia'),(900,74,'Lancer Evolution'),(901,74,'Legnum'),(902,74,'Libero'),(903,74,'Minica'),(904,74,'Mirage'),(905,74,'Montero'),(906,74,'Montero Sport'),(907,74,'Outlander'),(908,74,'Pajero'),(909,74,'Pajero Sport'),(910,74,'RVR'),(911,74,'Sapporo'),(912,74,'Sigma'),(913,74,'Space Gear'),(914,74,'Space Runner'),(915,74,'Space Star'),(916,74,'Space Wagon'),(917,74,'Starion'),(918,74,'Town BOX'),(919,74,'i'),(920,75,'Galue'),(921,75,'Le-Sayde'),(922,75,'Le-Seyde'),(923,76,'Aero 8'),(924,77,'100 NX'),(925,77,'200 SX'),(926,77,'300 ZX'),(927,77,'350Z'),(928,77,'AD'),(929,77,'Almera'),(930,77,'Almera Classic'),(931,77,'Almera Tino'),(932,77,'Altima'),(933,77,'Armada'),(934,77,'Avenir'),(935,77,'Bassara'),(936,77,'Bluebird'),(937,77,'Cedric'),(938,77,'Cefiro'),(939,77,'Cherry'),(940,77,'Cima'),(941,77,'Cube'),(942,77,'Datsun'),(943,77,'Elgrand'),(944,77,'Expert'),(945,77,'Fairlady'),(946,77,'Frontier'),(947,77,'Fuga'),(948,77,'GT-R'),(949,77,'Gloria'),(950,77,'King Cab'),(951,77,'Lafesta'),(952,77,'Largo'),(953,77,'Laurel'),(954,77,'Leopard'),(955,77,'Liberty'),(956,77,'Lucino'),(957,77,'March'),(958,77,'Maxima'),(959,77,'Micra'),(960,77,'Mistral'),(961,77,'Moco'),(962,77,'Murano'),(963,77,'Navara'),(964,77,'Note'),(965,77,'Pathfinder'),(966,77,'Patrol'),(967,77,'Pick UP'),(968,77,'Prairie'),(969,77,'Presage'),(970,77,'Presea'),(971,77,'Primera'),(972,77,'Pulsar'),(973,77,'Qashqai'),(974,77,'Quest'),(975,77,'R Nessa'),(976,77,'Rasheen'),(977,77,'Rogue'),(978,77,'Safari'),(979,77,'Sentra'),(980,77,'Serena'),(981,77,'Silvia'),(982,77,'Skyline'),(983,77,'Stagea'),(984,77,'Stanza'),(985,77,'Sunny'),(986,77,'Teana'),(987,77,'Terrano'),(988,77,'Tiida'),(989,77,'Tino'),(990,77,'Titan'),(991,77,'Urvan'),(992,77,'Vanette'),(993,77,'Wingroad'),(994,77,'X-Terra'),(995,77,'X-Trail'),(996,78,'Achieva'),(997,78,'Alero'),(998,78,'Aurora'),(999,78,'Bravada'),(1000,78,'Cutlass'),(1001,78,'Silhouette'),(1002,79,'Agila'),(1003,79,'Antara'),(1004,79,'Ascona'),(1005,79,'Astra'),(1006,79,'Astra OPC'),(1007,79,'Calibra'),(1008,79,'Campo'),(1009,79,'Combo'),(1010,79,'Commodore'),(1011,79,'Corsa'),(1012,79,'Corsa OPC'),(1013,79,'Frontera'),(1014,79,'GT'),(1015,79,'Kadett'),(1016,79,'Manta'),(1017,79,'Meriva'),(1018,79,'Monterey'),(1019,79,'Movano'),(1020,79,'Omega'),(1021,79,'Rekord'),(1022,79,'Senator'),(1023,79,'Signum'),(1024,79,'Sintra'),(1025,79,'Speedster'),(1026,79,'Tigra'),(1027,79,'Vectra'),(1028,79,'Vita'),(1029,79,'Zafira'),(1030,80,'Zonda C12'),(1031,81,'106'),(1032,81,'107'),(1033,81,'205'),(1034,81,'206'),(1035,81,'207'),(1036,81,'305'),(1037,81,'306'),(1038,81,'307'),(1039,81,'308'),(1040,81,'309'),(1041,81,'405'),(1042,81,'406'),(1043,81,'407'),(1044,81,'605'),(1045,81,'607'),(1046,81,'806'),(1047,81,'807'),(1048,81,'1007'),(1049,81,'4007'),(1050,82,'Acclaim'),(1051,82,'Breeze'),(1052,82,'Grand Voyager'),(1053,82,'Laser'),(1054,82,'Neon'),(1055,82,'Prowler'),(1056,82,'Sundance'),(1057,82,'Voyager'),(1058,83,'6000'),(1059,83,'Aztec'),(1060,83,'Bonneville'),(1061,83,'Firebird'),(1062,83,'GTO'),(1063,83,'Grand AM'),(1064,83,'Grand Prix'),(1065,83,'Phoenix'),(1066,83,'Solstige'),(1067,83,'Sunbird'),(1068,83,'Sunfire'),(1069,83,'Trans Sport'),(1070,83,'Vibe'),(1071,84,'911'),(1072,84,'924'),(1073,84,'928'),(1074,84,'944'),(1075,84,'968'),(1076,84,'Boxster'),(1077,84,'Carrera GT'),(1078,84,'Cayenne'),(1079,84,'Cayman'),(1080,85,'Persona 300 Compact'),(1081,85,'Persona 400'),(1082,86,'G-modell'),(1083,86,'Pinzgauer'),(1084,87,'5'),(1085,87,'9'),(1086,87,'11'),(1087,87,'18'),(1088,87,'19'),(1089,87,'20'),(1090,87,'21'),(1091,87,'25'),(1092,87,'Avantime'),(1093,87,'Clio'),(1094,87,'Clio Symbol'),(1095,87,'Espace'),(1096,87,'Fuego'),(1097,87,'Grand Scenic'),(1098,87,'Kangoo Express'),(1099,87,'Kangoo Passenger'),(1100,87,'Laguna'),(1101,87,'Logan'),(1102,87,'Master'),(1103,87,'Megane'),(1104,87,'Modus'),(1105,87,'Rapid'),(1106,87,'Safrane'),(1107,87,'Scenic'),(1108,87,'Scenic RX'),(1109,87,'Super 5'),(1110,87,'Symbol'),(1111,87,'Trafic'),(1112,87,'Twingo'),(1113,87,'Vel Satis'),(1114,88,'Corniche Cabrio'),(1115,88,'Phantom'),(1116,88,'Phantom Drophead Coupe'),(1117,88,'Silver Seraph'),(1118,88,'Silver Spur'),(1119,89,'25'),(1120,89,'45'),(1121,89,'75'),(1122,89,'200'),(1123,89,'400'),(1124,89,'600'),(1125,89,'800'),(1126,89,'Maestro'),(1127,89,'Mini MK'),(1128,89,'Montego'),(1129,90,'9-2X'),(1130,90,'9-3'),(1131,90,'9-5'),(1132,90,'9-7X'),(1133,90,'99'),(1134,90,'900'),(1135,90,'9000'),(1136,91,'S7'),(1137,92,'ION'),(1138,92,'LS'),(1139,92,'SC'),(1140,92,'SL'),(1141,92,'VUE'),(1142,93,'tC'),(1143,93,'xA'),(1144,93,'xB'),(1145,94,'Alhambra'),(1146,94,'Altea'),(1147,94,'Arosa'),(1148,94,'Cordoba'),(1149,94,'Ibiza'),(1150,94,'Leon'),(1151,94,'Malaga'),(1152,94,'Ronda'),(1153,94,'Toledo'),(1154,95,'Sceo'),(1155,96,'Fabia'),(1156,96,'Favorit'),(1157,96,'Felicia'),(1158,96,'Octavia'),(1159,96,'Octavia Scout'),(1160,96,'Roomster'),(1161,96,'Superb'),(1162,97,'Crossblade'),(1163,97,'Forfour'),(1164,97,'Fortwo'),(1165,97,'Roadster'),(1166,98,'C8'),(1167,99,'Actyon'),(1168,99,'Chairman'),(1169,99,'Family'),(1170,99,'Istana'),(1171,99,'Korando'),(1172,99,'Kyron'),(1173,99,'Musso'),(1174,99,'Rexton'),(1175,99,'Rodius'),(1176,99,'Tager'),(1177,100,'Baja'),(1178,100,'Forester'),(1179,100,'Impreza'),(1180,100,'Impreza WRX'),(1181,100,'Justy'),(1182,100,'Legacy'),(1183,100,'Leone'),(1184,100,'Libero'),(1185,100,'Outback'),(1186,100,'Pleo'),(1187,100,'R2'),(1188,100,'SVX'),(1189,100,'Stella'),(1190,100,'Traviq'),(1191,100,'Tribeca'),(1192,100,'Vivio'),(1193,100,'XT'),(1194,101,'Aerio'),(1195,101,'Alto'),(1196,101,'Baleno'),(1197,101,'Cultus Wagon'),(1198,101,'Escudo'),(1199,101,'Every'),(1200,101,'Every Landy'),(1201,101,'Forenza'),(1202,101,'Grand Vitara'),(1203,101,'Ignis'),(1204,101,'Jimny'),(1205,101,'Kei'),(1206,101,'Liana'),(1207,101,'MR Wagon'),(1208,101,'SX4'),(1209,101,'Samurai'),(1210,101,'Sidekick'),(1211,101,'Swift'),(1212,101,'Verona'),(1213,101,'Vitara'),(1214,101,'Wagon R+'),(1215,101,'X-90'),(1216,101,'XL7'),(1217,102,'T613'),(1218,103,'Century'),(1219,104,'Admiral'),(1220,105,'4runner'),(1221,105,'Allex'),(1222,105,'Allion'),(1223,105,'Alphard'),(1224,105,'Altezza'),(1225,105,'Aristo'),(1226,105,'Aurion'),(1227,105,'Auris'),(1228,105,'Avalon'),(1229,105,'Avensis'),(1230,105,'Avensis Verso'),(1231,105,'BB'),(1232,105,'Brevis'),(1233,105,'Caldina'),(1234,105,'Cami'),(1235,105,'Camry'),(1236,105,'Camry Solara'),(1237,105,'Carib'),(1238,105,'Carina'),(1239,105,'Carina E'),(1240,105,'Carina ED'),(1241,105,'Cavalier'),(1242,105,'Celica'),(1243,105,'Chaser'),(1244,105,'Corolla'),(1245,105,'Corolla'),(1246,105,'Corolla Ceres'),(1247,105,'Corolla FX'),(1248,105,'Corolla Fielder'),(1249,105,'Corolla Levin'),(1250,105,'Corolla Rumion'),(1251,105,'Corolla RunX'),(1252,105,'Corolla Spacio'),(1253,105,'Corolla Verso'),(1254,105,'Corona'),(1255,105,'Corsa'),(1256,105,'Cressida'),(1257,105,'Cresta'),(1258,105,'Crown'),(1259,105,'Crown'),(1260,105,'Crown Athlete'),(1261,105,'Crown Majesta'),(1262,105,'Curren'),(1263,105,'Cynos'),(1264,105,'Duet'),(1265,105,'Echo'),(1266,105,'Estima'),(1267,105,'FJ Cruiser'),(1268,105,'Fortuner'),(1269,105,'Funcargo'),(1270,105,'Gaia'),(1271,105,'Grand Hiace'),(1272,105,'Granvia'),(1273,105,'Harrier'),(1274,105,'Hiace'),(1275,105,'Highlander'),(1276,105,'Hilux Pick Up'),(1277,105,'Hilux Surf'),(1278,105,'ISis'),(1279,105,'Ipsum'),(1280,105,'Ist'),(1281,105,'Kluger'),(1282,105,'Land Cruiser'),(1283,105,'Land Cruiser (120) Prado'),(1284,105,'Land Cruiser (90) Prado'),(1285,105,'Land Cruiser 100'),(1286,105,'Land Cruiser 200'),(1287,105,'Land Cruiser 70'),(1288,105,'Land Cruiser 80'),(1289,105,'Lite Ace'),(1290,105,'MR 2'),(1291,105,'MR-S'),(1292,105,'Mark II'),(1293,105,'Mark X'),(1294,105,'MasterAce'),(1295,105,'Matrix'),(1296,105,'Nadia'),(1297,105,'Noah'),(1298,105,'Opa'),(1299,105,'Origin'),(1300,105,'Paseo'),(1301,105,'Passo'),(1302,105,'Picnic'),(1303,105,'Platz'),(1304,105,'Porte'),(1305,105,'Premio'),(1306,105,'Previa'),(1307,105,'Prius'),(1308,105,'Probox'),(1309,105,'Progres'),(1310,105,'Pronard'),(1311,105,'RAV 4'),(1312,105,'Ractis'),(1313,105,'Raum'),(1314,105,'Regius'),(1315,105,'Regius'),(1316,105,'Regius Ace'),(1317,105,'Scepter'),(1318,105,'Sequoia'),(1319,105,'Sera'),(1320,105,'Sienna'),(1321,105,'Sienta'),(1322,105,'Soarer'),(1323,105,'Solara'),(1324,105,'Sparky'),(1325,105,'Sprinter'),(1326,105,'Starlet'),(1327,105,'Succeed'),(1328,105,'Supra'),(1329,105,'Tacoma'),(1330,105,'Tercel'),(1331,105,'Tundra'),(1332,105,'Vellfire'),(1333,105,'Venza'),(1334,105,'Verossa'),(1335,105,'Vista'),(1336,105,'Vitz'),(1337,105,'Voltz'),(1338,105,'Voxy'),(1339,105,'Will'),(1340,105,'Windom'),(1341,105,'Wish'),(1342,105,'Yaris'),(1343,105,'Yaris Verso'),(1344,106,'P 601'),(1345,107,'Griffith'),(1346,108,'W8 Twin Turbo'),(1347,109,'Bora'),(1348,109,'Caddy'),(1349,109,'Corrado'),(1350,109,'Eos'),(1351,109,'Fox'),(1352,109,'Golf'),(1353,109,'Golf Plus'),(1354,109,'Jetta'),(1355,109,'Kaefer'),(1356,109,'Lupo'),(1357,109,'Multivan'),(1358,109,'NEW Beetle'),(1359,109,'Passat'),(1360,109,'Phaeton'),(1361,109,'Pointer'),(1362,109,'Polo'),(1363,109,'Santana'),(1364,109,'Scirocco'),(1365,109,'Sharan'),(1366,109,'Taro'),(1367,109,'Tiguan'),(1368,109,'Touareg'),(1369,109,'Touran'),(1370,109,'Vento'),(1371,110,'164'),(1372,110,'240'),(1373,110,'340-360'),(1374,110,'440 K'),(1375,110,'460 L'),(1376,110,'480 E'),(1377,110,'740'),(1378,110,'760'),(1379,110,'780 Bertone'),(1380,110,'850'),(1381,110,'940'),(1382,110,'960'),(1383,110,'C30'),(1384,110,'C70'),(1385,110,'S40'),(1386,110,'S60'),(1387,110,'S70'),(1388,110,'S80'),(1389,110,'S90'),(1390,110,'V40 Kombi'),(1391,110,'V50'),(1392,110,'V70'),(1393,110,'XC70'),(1394,110,'XC90'),(1395,111,'353'),(1396,112,'GT'),(1397,112,'Roadster'),(1398,113,'PICKUP X3'),(1399,113,'SR-V X3'),(1400,113,'SUV X3'),(1401,114,'GrandTiger'),(1402,114,'Landmark'),(1403,115,'1111 Ока 1111'),(1404,115,'1111 Ока 11113'),(1405,115,'2101'),(1406,115,'2102'),(1407,115,'2103'),(1408,115,'2104'),(1409,115,'2105'),(1410,115,'2106'),(1411,115,'2107'),(1412,115,'2108'),(1413,115,'2109'),(1414,115,'2110'),(1415,115,'2111'),(1416,115,'2112'),(1417,115,'2113'),(1418,115,'2114'),(1419,115,'2115'),(1420,115,'2123'),(1421,115,'2129'),(1422,115,'2131'),(1423,115,'2329'),(1424,115,'21043'),(1425,115,'21047'),(1426,115,'21053'),(1427,115,'21054'),(1428,115,'21055'),(1429,115,'21061'),(1430,115,'21063'),(1431,115,'21065'),(1432,115,'21071'),(1433,115,'21072'),(1434,115,'21073'),(1435,115,'21074'),(1436,115,'21079'),(1437,115,'21081'),(1438,115,'21083'),(1439,115,'21086'),(1440,115,'2108i'),(1441,115,'21093'),(1442,115,'21099'),(1443,115,'21099i'),(1444,115,'2109i'),(1445,115,'21101'),(1446,115,'21102'),(1447,115,'21103'),(1448,115,'21104'),(1449,115,'21108'),(1450,115,'21111'),(1451,115,'21112'),(1452,115,'21113'),(1453,115,'21121'),(1454,115,'21122'),(1455,115,'21123'),(1456,115,'21124'),(1457,115,'2115 Wankel'),(1458,115,'2115i'),(1459,115,'2120 Надежда'),(1460,115,'2121 4x4 2121'),(1461,115,'2121 4x4 21213'),(1462,115,'2121 4x4 21214'),(1463,115,'2121 4x4 21217'),(1464,115,'2121 4x4 21218'),(1465,115,'Kalina Hatchback'),(1466,115,'Kalina Sedan'),(1467,115,'Kalina Wagon'),(1468,115,'Priora'),(1469,116,'Автокам'),(1470,117,'13'),(1471,117,'14'),(1472,117,'20'),(1473,117,'21'),(1474,117,'22'),(1475,117,'24'),(1476,117,'69'),(1477,117,'3102'),(1478,117,'3105'),(1479,117,'3110'),(1480,117,'3111'),(1481,117,'31022'),(1482,117,'31026'),(1483,117,'31029'),(1484,117,'3102i'),(1485,117,'31105'),(1486,117,'310221'),(1487,117,'311055'),(1488,117,'3110i'),(1489,117,'М1'),(1490,118,'965'),(1491,118,'968'),(1492,118,'1102'),(1493,118,'1103'),(1494,118,'1105'),(1495,118,'1140'),(1496,118,'Sens'),(1497,119,'114'),(1498,119,'117'),(1499,119,'4104'),(1500,120,'412'),(1501,120,'2125'),(1502,120,'2126'),(1503,120,'2715'),(1504,120,'2717'),(1505,120,'21261'),(1506,120,'27171'),(1507,121,'Ока'),(1508,122,'967'),(1509,122,'968'),(1510,122,'969'),(1511,123,'400'),(1512,123,'401'),(1513,123,'402'),(1514,123,'403'),(1515,123,'406'),(1516,123,'407'),(1517,123,'408'),(1518,123,'412'),(1519,123,'2125'),(1520,123,'2140'),(1521,123,'2141'),(1522,123,'2335'),(1523,123,'423 Kombi'),(1524,123,'5846'),(1525,123,'Aslk 2137 Kombi'),(1526,123,'Aslk 2138'),(1527,123,'Aslk 2140'),(1528,123,'Князь Владимир'),(1529,123,'Святогор'),(1530,123,'Юрий Долгорукий'),(1531,124,'1111'),(1532,125,'Мотоколяска'),(1533,126,'Tager'),(1534,127,'469'),(1535,127,'2206'),(1536,127,'3151'),(1537,127,'3153'),(1538,127,'3159'),(1539,127,'3160'),(1540,127,'3162'),(1541,127,'3163'),(1542,127,'31512'),(1543,127,'31514'),(1544,127,'31519'),(1545,127,'315195');

INSERT INTO CAR_MODEL (CAR_MODEL_ID, CAR_MARK_ID, CAR_MODEL_NAME) VALUES (1546, 115, 'Granta'), (1547, 115, 'Vesta'), (1548, 115, 'Largus'), (1549, 115, 'XRAY'), (1550, 46, 'Solaris');
/*Add the car to client*/
INSERT INTO ACCOUNT_CAR (ACCOUNT_CAR_NUMBER, ACCOUNT_ID, CAR_MODEL_ID) VALUES ('A456AA 159', 3, 1);
INSERT INTO ACCOUNT_CAR (ACCOUNT_CAR_NUMBER, ACCOUNT_ID, CAR_MODEL_ID) VALUES ('A471BA 159', 2, 1);
INSERT INTO ACCOUNT_CAR (ACCOUNT_CAR_NUMBER, ACCOUNT_ID, CAR_MODEL_ID) VALUES ('A421EE 159', 1, 1);

/*Create order*/
INSERT INTO REPAIR_ORDER (COMPANY_ID, ORDER_DATE, MANAGER_ACCOUNT_ID, MASTER_ACCOUNT_ID, CLIENT_ACCOUNT_ID, CLIENT_CAR_MODEL, CLIENT_CAR_NUMBER, ORDER_DESCRIPTION, ORDER_PREPAYMENT, DISCOUNT, WORKS_DISCOUNT, PARTS_DISCOUNT, WORKS_SUM, PARTS_SUM, ORDER_SUM, ORDER_COMPLETE, ORDER_ADVICE) VALUES ( 1, '2016-07-21', 1, 2, 3, 1, 'A123AA 159', 'Стук в районе переднего правого колеса, Заменить масло.', 500, 10, 'TRUE', 'TRUE', 300, 600, 900, TRUE, 'Нужно поменять цепь ГРМ через неделю');
INSERT INTO REPAIR_ORDER (COMPANY_ID, ORDER_DATE, MANAGER_ACCOUNT_ID, MASTER_ACCOUNT_ID, CLIENT_ACCOUNT_ID, CLIENT_CAR_MODEL, CLIENT_CAR_NUMBER, ORDER_DESCRIPTION, ORDER_PREPAYMENT, DISCOUNT, WORKS_DISCOUNT, PARTS_DISCOUNT,WORKS_SUM, PARTS_SUM,  ORDER_SUM, ORDER_COMPLETE, ORDER_ADVICE) VALUES ( 1, '2016-07-21', 2, 2, 3, 1, 'A123AA 159', 'Тест!!! Access Artur only', 500, 10, 'TRUE', 'FALSE', 200, 700, 900, TRUE, 'Нужно поменять цепь ГРМ через неделю');
/*CREATE ORDER RATING*/
INSERT INTO ORDER_RATING (ID, RATING, COMMENT, COMPLETE) VALUES (1, 4, 'ALL WAS OK!', TRUE);
/*Create order works*/
INSERT INTO ORDER_WORK (MASTER_ACCOUNT_ID, ORDER_ID, O_W_NAME, O_W_PRICE, O_W_VALUE, O_W_SUM) VALUES (2, 1, 'Замена шаровой', 400, 2, 800);
INSERT INTO ORDER_WORK (MASTER_ACCOUNT_ID, ORDER_ID, O_W_NAME, O_W_PRICE, O_W_VALUE, O_W_SUM) VALUES ( 2, 1, 'Замена масла ДВС', 500, 1, 500);
/*Create order parts*/
INSERT INTO ORDER_PART (ORDER_ID, O_P_NAME, O_P_PRICE, O_P_VALUE, O_P_SUM) VALUES (1, 'Рулевая рейка', 4700, 1, 4700);
/*Create Repair Section*/
INSERT INTO CAR_REPAIR_SECTION (CAR_REPAIR_SECTION_ID, CAR_REPAIR_SECTION_NAME) VALUES (1, 'Тормозная система');
INSERT INTO CAR_REPAIR_SECTION (CAR_REPAIR_SECTION_ID, CAR_REPAIR_SECTION_NAME) VALUES (2, 'Диагностика');
INSERT INTO CAR_REPAIR_SECTION (CAR_REPAIR_SECTION_ID, CAR_REPAIR_SECTION_NAME) VALUES (3, 'Трансмиссия');
INSERT INTO CAR_REPAIR_SECTION (CAR_REPAIR_SECTION_ID, CAR_REPAIR_SECTION_NAME) VALUES (4, 'Электрооборудование');
INSERT INTO CAR_REPAIR_SECTION (CAR_REPAIR_SECTION_ID, CAR_REPAIR_SECTION_NAME) VALUES (5, 'Двигатель');
INSERT INTO CAR_REPAIR_SECTION (CAR_REPAIR_SECTION_ID, CAR_REPAIR_SECTION_NAME) VALUES (6, 'ТО');
INSERT INTO CAR_REPAIR_SECTION (CAR_REPAIR_SECTION_ID, CAR_REPAIR_SECTION_NAME) VALUES (7, 'Плановое ТО');
INSERT INTO CAR_REPAIR_SECTION (CAR_REPAIR_SECTION_ID, CAR_REPAIR_SECTION_NAME) VALUES (8, 'Подвеска и рулевое управление');
INSERT INTO CAR_REPAIR_SECTION (CAR_REPAIR_SECTION_ID, CAR_REPAIR_SECTION_NAME) VALUES (9, 'Прочее');
/*ADD CAR MODEL TO REPAIR SECTION*/
INSERT INTO CAR_MODEL_REPAIR_SECTION (CAR_MODEL_ID, CAR_REPAIR_SECTION_ID) VALUES (1, 1);
/*CREATE ADVICES TABLE*/
INSERT INTO CAR_REPAIR_ADVICE (CAR_REPAIR_SECTION_ID, CAR_REPAIR_ADVICE_NAME, CAR_REPAIR_ADVICE_TEXT) VALUES (1, 'Делайте качественно', 'Делайте качественно');
/*CREATE PRICE TABLE*/
INSERT INTO CAR_REPAIR_PRICE (CAR_REPAIR_SECTION_ID, CAR_REPAIR_ACCOUNT_ID, CAR_REPAIR_PRICE_NAME, CAR_REPAIR_PRICE_DESCRIPTION, CAR_REPAIR_PRICE_PRICE, CAR_REPAIR_ADVICE_ID) VALUES (1, 1, 'Датчик скорости колеса замена','', 500, 1);
INSERT INTO CAR_REPAIR_PRICE (CAR_REPAIR_SECTION_ID, CAR_REPAIR_ACCOUNT_ID, CAR_REPAIR_PRICE_NAME, CAR_REPAIR_PRICE_DESCRIPTION, CAR_REPAIR_PRICE_PRICE, CAR_REPAIR_ADVICE_ID) VALUES (1, 1, 'Вакуумный усилитель тормозной системы замена','', 500, 1);
INSERT INTO CAR_REPAIR_PRICE (CAR_REPAIR_SECTION_ID, CAR_REPAIR_ACCOUNT_ID, CAR_REPAIR_PRICE_NAME, CAR_REPAIR_PRICE_DESCRIPTION, CAR_REPAIR_PRICE_PRICE, CAR_REPAIR_ADVICE_ID) VALUES (1, 1, 'Тормозной суппорт передний замена','', 500, 1);
INSERT INTO CAR_REPAIR_PRICE (CAR_REPAIR_SECTION_ID, CAR_REPAIR_ACCOUNT_ID, CAR_REPAIR_PRICE_NAME, CAR_REPAIR_PRICE_DESCRIPTION, CAR_REPAIR_PRICE_PRICE, CAR_REPAIR_ADVICE_ID) VALUES (1, 1, 'Тормозной суппорт задний замена','', 500, 1);
INSERT INTO CAR_REPAIR_PRICE (CAR_REPAIR_SECTION_ID, CAR_REPAIR_ACCOUNT_ID, CAR_REPAIR_PRICE_NAME, CAR_REPAIR_PRICE_DESCRIPTION, CAR_REPAIR_PRICE_PRICE, CAR_REPAIR_ADVICE_ID) VALUES (1, 1, 'Главный тормозной цилиндр замена','', 500, 1);
INSERT INTO CAR_REPAIR_PRICE (CAR_REPAIR_SECTION_ID, CAR_REPAIR_ACCOUNT_ID, CAR_REPAIR_PRICE_NAME, CAR_REPAIR_PRICE_DESCRIPTION, CAR_REPAIR_PRICE_PRICE, CAR_REPAIR_ADVICE_ID) VALUES (1, 1, 'Тормозные колодки передние замена','', 500, 1);
INSERT INTO CAR_REPAIR_PRICE (CAR_REPAIR_SECTION_ID, CAR_REPAIR_ACCOUNT_ID, CAR_REPAIR_PRICE_NAME, CAR_REPAIR_PRICE_DESCRIPTION, CAR_REPAIR_PRICE_PRICE, CAR_REPAIR_ADVICE_ID) VALUES (1, 1, 'Тормозные колодки задние замена','', 500, 1);
INSERT INTO CAR_REPAIR_PRICE (CAR_REPAIR_SECTION_ID, CAR_REPAIR_ACCOUNT_ID, CAR_REPAIR_PRICE_NAME, CAR_REPAIR_PRICE_DESCRIPTION, CAR_REPAIR_PRICE_PRICE, CAR_REPAIR_ADVICE_ID) VALUES (1, 1, 'Тормозне диски замена','', 500, 1);
INSERT INTO CAR_REPAIR_PRICE (CAR_REPAIR_SECTION_ID, CAR_REPAIR_ACCOUNT_ID, CAR_REPAIR_PRICE_NAME, CAR_REPAIR_PRICE_DESCRIPTION, CAR_REPAIR_PRICE_PRICE, CAR_REPAIR_ADVICE_ID) VALUES (1, 1, 'Тормозные барабаны замена','', 500, 1);
INSERT INTO CAR_REPAIR_PRICE (CAR_REPAIR_SECTION_ID, CAR_REPAIR_ACCOUNT_ID, CAR_REPAIR_PRICE_NAME, CAR_REPAIR_PRICE_DESCRIPTION, CAR_REPAIR_PRICE_PRICE, CAR_REPAIR_ADVICE_ID) VALUES (1, 1, 'Рабочий тормозной цилиндр замена','', 500, 1);
INSERT INTO CAR_REPAIR_PRICE (CAR_REPAIR_SECTION_ID, CAR_REPAIR_ACCOUNT_ID, CAR_REPAIR_PRICE_NAME, CAR_REPAIR_PRICE_DESCRIPTION, CAR_REPAIR_PRICE_PRICE, CAR_REPAIR_ADVICE_ID) VALUES (2, 1, 'Диагностика системы ABS','', 500, 1);
INSERT INTO CAR_REPAIR_PRICE (CAR_REPAIR_SECTION_ID, CAR_REPAIR_ACCOUNT_ID, CAR_REPAIR_PRICE_NAME, CAR_REPAIR_PRICE_DESCRIPTION, CAR_REPAIR_PRICE_PRICE, CAR_REPAIR_ADVICE_ID) VALUES (2, 1, 'Диагностика системы кондиционирования','', 500, 1);
INSERT INTO CAR_REPAIR_PRICE (CAR_REPAIR_SECTION_ID, CAR_REPAIR_ACCOUNT_ID, CAR_REPAIR_PRICE_NAME, CAR_REPAIR_PRICE_DESCRIPTION, CAR_REPAIR_PRICE_PRICE, CAR_REPAIR_ADVICE_ID) VALUES (2, 1, 'Диагностика АКПП','', 500, 1);
INSERT INTO CAR_REPAIR_PRICE (CAR_REPAIR_SECTION_ID, CAR_REPAIR_ACCOUNT_ID, CAR_REPAIR_PRICE_NAME, CAR_REPAIR_PRICE_DESCRIPTION, CAR_REPAIR_PRICE_PRICE, CAR_REPAIR_ADVICE_ID) VALUES (2, 1, 'Диагностика системы зарядки аккумулятора','', 500, 1);
INSERT INTO CAR_REPAIR_PRICE (CAR_REPAIR_SECTION_ID, CAR_REPAIR_ACCOUNT_ID, CAR_REPAIR_PRICE_NAME, CAR_REPAIR_PRICE_DESCRIPTION, CAR_REPAIR_PRICE_PRICE, CAR_REPAIR_ADVICE_ID) VALUES (2, 1, 'Диагностика ошибок Check Engine','', 500, 1);
INSERT INTO CAR_REPAIR_PRICE (CAR_REPAIR_SECTION_ID, CAR_REPAIR_ACCOUNT_ID, CAR_REPAIR_PRICE_NAME, CAR_REPAIR_PRICE_DESCRIPTION, CAR_REPAIR_PRICE_PRICE, CAR_REPAIR_ADVICE_ID) VALUES (2, 1, 'Диагностика подвески','', 500, 1);
INSERT INTO CAR_REPAIR_PRICE (CAR_REPAIR_SECTION_ID, CAR_REPAIR_ACCOUNT_ID, CAR_REPAIR_PRICE_NAME, CAR_REPAIR_PRICE_DESCRIPTION, CAR_REPAIR_PRICE_PRICE, CAR_REPAIR_ADVICE_ID) VALUES (2, 1, 'Диагностика системы охлаждения двигателя','', 500, 1);
INSERT INTO CAR_REPAIR_PRICE (CAR_REPAIR_SECTION_ID, CAR_REPAIR_ACCOUNT_ID, CAR_REPAIR_PRICE_NAME, CAR_REPAIR_PRICE_DESCRIPTION, CAR_REPAIR_PRICE_PRICE, CAR_REPAIR_ADVICE_ID) VALUES (2, 1, 'Диагностика выхлопной системы','', 500, 1);
INSERT INTO CAR_REPAIR_PRICE (CAR_REPAIR_SECTION_ID, CAR_REPAIR_ACCOUNT_ID, CAR_REPAIR_PRICE_NAME, CAR_REPAIR_PRICE_DESCRIPTION, CAR_REPAIR_PRICE_PRICE, CAR_REPAIR_ADVICE_ID) VALUES (3, 1, 'Сцепление замена','', 500, 1);
INSERT INTO CAR_REPAIR_PRICE (CAR_REPAIR_SECTION_ID, CAR_REPAIR_ACCOUNT_ID, CAR_REPAIR_PRICE_NAME, CAR_REPAIR_PRICE_DESCRIPTION, CAR_REPAIR_PRICE_PRICE, CAR_REPAIR_ADVICE_ID) VALUES (3, 1, 'Диск сцепления замена','', 500, 1);
INSERT INTO CAR_REPAIR_PRICE (CAR_REPAIR_SECTION_ID, CAR_REPAIR_ACCOUNT_ID, CAR_REPAIR_PRICE_NAME, CAR_REPAIR_PRICE_DESCRIPTION, CAR_REPAIR_PRICE_PRICE, CAR_REPAIR_ADVICE_ID) VALUES (3, 1, 'Корзина сцепления замена','', 500, 1);
INSERT INTO CAR_REPAIR_PRICE (CAR_REPAIR_SECTION_ID, CAR_REPAIR_ACCOUNT_ID, CAR_REPAIR_PRICE_NAME, CAR_REPAIR_PRICE_DESCRIPTION, CAR_REPAIR_PRICE_PRICE, CAR_REPAIR_ADVICE_ID) VALUES (3, 1, 'Выжимной подшипник сцепления замена','', 500, 1);
INSERT INTO CAR_REPAIR_PRICE (CAR_REPAIR_SECTION_ID, CAR_REPAIR_ACCOUNT_ID, CAR_REPAIR_PRICE_NAME, CAR_REPAIR_PRICE_DESCRIPTION, CAR_REPAIR_PRICE_PRICE, CAR_REPAIR_ADVICE_ID) VALUES (3, 1, 'Главный цилиндр сцепления замена','', 500, 1);
INSERT INTO CAR_REPAIR_PRICE (CAR_REPAIR_SECTION_ID, CAR_REPAIR_ACCOUNT_ID, CAR_REPAIR_PRICE_NAME, CAR_REPAIR_PRICE_DESCRIPTION, CAR_REPAIR_PRICE_PRICE, CAR_REPAIR_ADVICE_ID) VALUES (3, 1, 'Рабочий цилиндр сцепления замена','', 500, 1);
INSERT INTO CAR_REPAIR_PRICE (CAR_REPAIR_SECTION_ID, CAR_REPAIR_ACCOUNT_ID, CAR_REPAIR_PRICE_NAME, CAR_REPAIR_PRICE_DESCRIPTION, CAR_REPAIR_PRICE_PRICE, CAR_REPAIR_ADVICE_ID) VALUES (3, 1, 'КПП ремонт','', 500, 1);
INSERT INTO CAR_REPAIR_PRICE (CAR_REPAIR_SECTION_ID, CAR_REPAIR_ACCOUNT_ID, CAR_REPAIR_PRICE_NAME, CAR_REPAIR_PRICE_DESCRIPTION, CAR_REPAIR_PRICE_PRICE, CAR_REPAIR_ADVICE_ID) VALUES (3, 1, 'КПП замена','', 500, 1);
INSERT INTO CAR_REPAIR_PRICE (CAR_REPAIR_SECTION_ID, CAR_REPAIR_ACCOUNT_ID, CAR_REPAIR_PRICE_NAME, CAR_REPAIR_PRICE_DESCRIPTION, CAR_REPAIR_PRICE_PRICE, CAR_REPAIR_ADVICE_ID) VALUES (3, 1, '(ШРУС)Граната замена','', 500, 1);
INSERT INTO CAR_REPAIR_PRICE (CAR_REPAIR_SECTION_ID, CAR_REPAIR_ACCOUNT_ID, CAR_REPAIR_PRICE_NAME, CAR_REPAIR_PRICE_DESCRIPTION, CAR_REPAIR_PRICE_PRICE, CAR_REPAIR_ADVICE_ID) VALUES (3, 1, 'Привод замена','', 500, 1);
INSERT INTO CAR_REPAIR_PRICE (CAR_REPAIR_SECTION_ID, CAR_REPAIR_ACCOUNT_ID, CAR_REPAIR_PRICE_NAME, CAR_REPAIR_PRICE_DESCRIPTION, CAR_REPAIR_PRICE_PRICE, CAR_REPAIR_ADVICE_ID) VALUES (4, 1, 'Генератор замена','', 500, 1);
INSERT INTO CAR_REPAIR_PRICE (CAR_REPAIR_SECTION_ID, CAR_REPAIR_ACCOUNT_ID, CAR_REPAIR_PRICE_NAME, CAR_REPAIR_PRICE_DESCRIPTION, CAR_REPAIR_PRICE_PRICE, CAR_REPAIR_ADVICE_ID) VALUES (4, 1, 'Стартер замена','', 500, 1);
INSERT INTO CAR_REPAIR_PRICE (CAR_REPAIR_SECTION_ID, CAR_REPAIR_ACCOUNT_ID, CAR_REPAIR_PRICE_NAME, CAR_REPAIR_PRICE_DESCRIPTION, CAR_REPAIR_PRICE_PRICE, CAR_REPAIR_ADVICE_ID) VALUES (4, 1, 'Аккумулятор замена','', 500, 1);
INSERT INTO CAR_REPAIR_PRICE (CAR_REPAIR_SECTION_ID, CAR_REPAIR_ACCOUNT_ID, CAR_REPAIR_PRICE_NAME, CAR_REPAIR_PRICE_DESCRIPTION, CAR_REPAIR_PRICE_PRICE, CAR_REPAIR_ADVICE_ID) VALUES (4, 1, 'Лампа фары замена','', 500, 1);
INSERT INTO CAR_REPAIR_PRICE (CAR_REPAIR_SECTION_ID, CAR_REPAIR_ACCOUNT_ID, CAR_REPAIR_PRICE_NAME, CAR_REPAIR_PRICE_DESCRIPTION, CAR_REPAIR_PRICE_PRICE, CAR_REPAIR_ADVICE_ID) VALUES (4, 1, 'Электромотор стеклоочистителя замена','', 500, 1);
INSERT INTO CAR_REPAIR_PRICE (CAR_REPAIR_SECTION_ID, CAR_REPAIR_ACCOUNT_ID, CAR_REPAIR_PRICE_NAME, CAR_REPAIR_PRICE_DESCRIPTION, CAR_REPAIR_PRICE_PRICE, CAR_REPAIR_ADVICE_ID) VALUES (4, 1, 'Электромотор стеклоподъемника замена','', 500, 1);
INSERT INTO CAR_REPAIR_PRICE (CAR_REPAIR_SECTION_ID, CAR_REPAIR_ACCOUNT_ID, CAR_REPAIR_PRICE_NAME, CAR_REPAIR_PRICE_DESCRIPTION, CAR_REPAIR_PRICE_PRICE, CAR_REPAIR_ADVICE_ID) VALUES (5, 1, 'Термостат замена','', 500, 1);
INSERT INTO CAR_REPAIR_PRICE (CAR_REPAIR_SECTION_ID, CAR_REPAIR_ACCOUNT_ID, CAR_REPAIR_PRICE_NAME, CAR_REPAIR_PRICE_DESCRIPTION, CAR_REPAIR_PRICE_PRICE, CAR_REPAIR_ADVICE_ID) VALUES (5, 1, 'Топливной форсунки замена','', 500, 1);
INSERT INTO CAR_REPAIR_PRICE (CAR_REPAIR_SECTION_ID, CAR_REPAIR_ACCOUNT_ID, CAR_REPAIR_PRICE_NAME, CAR_REPAIR_PRICE_DESCRIPTION, CAR_REPAIR_PRICE_PRICE, CAR_REPAIR_ADVICE_ID) VALUES (5, 1, 'Топливного насоса замена','', 500, 1);
INSERT INTO CAR_REPAIR_PRICE (CAR_REPAIR_SECTION_ID, CAR_REPAIR_ACCOUNT_ID, CAR_REPAIR_PRICE_NAME, CAR_REPAIR_PRICE_DESCRIPTION, CAR_REPAIR_PRICE_PRICE, CAR_REPAIR_ADVICE_ID) VALUES (5, 1, 'Прокладка ГБЦ замена','', 500, 1);
INSERT INTO CAR_REPAIR_PRICE (CAR_REPAIR_SECTION_ID, CAR_REPAIR_ACCOUNT_ID, CAR_REPAIR_PRICE_NAME, CAR_REPAIR_PRICE_DESCRIPTION, CAR_REPAIR_PRICE_PRICE, CAR_REPAIR_ADVICE_ID) VALUES (5, 1, 'Модуля зажигания замена','', 500, 1);
INSERT INTO CAR_REPAIR_PRICE (CAR_REPAIR_SECTION_ID, CAR_REPAIR_ACCOUNT_ID, CAR_REPAIR_PRICE_NAME, CAR_REPAIR_PRICE_DESCRIPTION, CAR_REPAIR_PRICE_PRICE, CAR_REPAIR_ADVICE_ID) VALUES (5, 1, 'Капитальный ремонт двигателя','', 500, 1);
INSERT INTO CAR_REPAIR_PRICE (CAR_REPAIR_SECTION_ID, CAR_REPAIR_ACCOUNT_ID, CAR_REPAIR_PRICE_NAME, CAR_REPAIR_PRICE_DESCRIPTION, CAR_REPAIR_PRICE_PRICE, CAR_REPAIR_ADVICE_ID) VALUES (5, 1, 'Воздушного фильтра замена','', 500, 1);
INSERT INTO CAR_REPAIR_PRICE (CAR_REPAIR_SECTION_ID, CAR_REPAIR_ACCOUNT_ID, CAR_REPAIR_PRICE_NAME, CAR_REPAIR_PRICE_DESCRIPTION, CAR_REPAIR_PRICE_PRICE, CAR_REPAIR_ADVICE_ID) VALUES (5, 1, 'Масляного фильтра замена','', 500, 1);
INSERT INTO CAR_REPAIR_PRICE (CAR_REPAIR_SECTION_ID, CAR_REPAIR_ACCOUNT_ID, CAR_REPAIR_PRICE_NAME, CAR_REPAIR_PRICE_DESCRIPTION, CAR_REPAIR_PRICE_PRICE, CAR_REPAIR_ADVICE_ID) VALUES (5, 1, 'Радиатора замена','', 500, 1);
INSERT INTO CAR_REPAIR_PRICE (CAR_REPAIR_SECTION_ID, CAR_REPAIR_ACCOUNT_ID, CAR_REPAIR_PRICE_NAME, CAR_REPAIR_PRICE_DESCRIPTION, CAR_REPAIR_PRICE_PRICE, CAR_REPAIR_ADVICE_ID) VALUES (5, 1, 'ГБЦ ремонт','', 500, 1);
INSERT INTO CAR_REPAIR_PRICE (CAR_REPAIR_SECTION_ID, CAR_REPAIR_ACCOUNT_ID, CAR_REPAIR_PRICE_NAME, CAR_REPAIR_PRICE_DESCRIPTION, CAR_REPAIR_PRICE_PRICE, CAR_REPAIR_ADVICE_ID) VALUES (5, 1, 'Водяной помпы замена','', 500, 1);
INSERT INTO CAR_REPAIR_PRICE (CAR_REPAIR_SECTION_ID, CAR_REPAIR_ACCOUNT_ID, CAR_REPAIR_PRICE_NAME, CAR_REPAIR_PRICE_DESCRIPTION, CAR_REPAIR_PRICE_PRICE, CAR_REPAIR_ADVICE_ID) VALUES (5, 1, 'Свечей зажигания замена','', 500, 1);
INSERT INTO CAR_REPAIR_PRICE (CAR_REPAIR_SECTION_ID, CAR_REPAIR_ACCOUNT_ID, CAR_REPAIR_PRICE_NAME, CAR_REPAIR_PRICE_DESCRIPTION, CAR_REPAIR_PRICE_PRICE, CAR_REPAIR_ADVICE_ID) VALUES (5, 1, 'Ремня ГРМ замена','', 500, 1);
INSERT INTO CAR_REPAIR_PRICE (CAR_REPAIR_SECTION_ID, CAR_REPAIR_ACCOUNT_ID, CAR_REPAIR_PRICE_NAME, CAR_REPAIR_PRICE_DESCRIPTION, CAR_REPAIR_PRICE_PRICE, CAR_REPAIR_ADVICE_ID) VALUES (5, 1, 'Ролика замена','', 500, 1);
INSERT INTO CAR_REPAIR_PRICE (CAR_REPAIR_SECTION_ID, CAR_REPAIR_ACCOUNT_ID, CAR_REPAIR_PRICE_NAME, CAR_REPAIR_PRICE_DESCRIPTION, CAR_REPAIR_PRICE_PRICE, CAR_REPAIR_ADVICE_ID) VALUES (6, 1, 'Масла ДВС замена','', 500, 1);
INSERT INTO CAR_REPAIR_PRICE (CAR_REPAIR_SECTION_ID, CAR_REPAIR_ACCOUNT_ID, CAR_REPAIR_PRICE_NAME, CAR_REPAIR_PRICE_DESCRIPTION, CAR_REPAIR_PRICE_PRICE, CAR_REPAIR_ADVICE_ID) VALUES (6, 1, 'Масла КПП замена','', 500, 1);
INSERT INTO CAR_REPAIR_PRICE (CAR_REPAIR_SECTION_ID, CAR_REPAIR_ACCOUNT_ID, CAR_REPAIR_PRICE_NAME, CAR_REPAIR_PRICE_DESCRIPTION, CAR_REPAIR_PRICE_PRICE, CAR_REPAIR_ADVICE_ID) VALUES (6, 1, 'Фильтра салонного замена','', 500, 1);
INSERT INTO CAR_REPAIR_PRICE (CAR_REPAIR_SECTION_ID, CAR_REPAIR_ACCOUNT_ID, CAR_REPAIR_PRICE_NAME, CAR_REPAIR_PRICE_DESCRIPTION, CAR_REPAIR_PRICE_PRICE, CAR_REPAIR_ADVICE_ID) VALUES (6, 1, 'Фильтра воздушного замена','', 500, 1);
INSERT INTO CAR_REPAIR_PRICE (CAR_REPAIR_SECTION_ID, CAR_REPAIR_ACCOUNT_ID, CAR_REPAIR_PRICE_NAME, CAR_REPAIR_PRICE_DESCRIPTION, CAR_REPAIR_PRICE_PRICE, CAR_REPAIR_ADVICE_ID) VALUES (6, 1, 'Тормозной жидкости замена','', 500, 1);
INSERT INTO CAR_REPAIR_PRICE (CAR_REPAIR_SECTION_ID, CAR_REPAIR_ACCOUNT_ID, CAR_REPAIR_PRICE_NAME, CAR_REPAIR_PRICE_DESCRIPTION, CAR_REPAIR_PRICE_PRICE, CAR_REPAIR_ADVICE_ID) VALUES (6, 1, 'Охлаждающей жидкости замена','', 500, 1);
INSERT INTO CAR_REPAIR_PRICE (CAR_REPAIR_SECTION_ID, CAR_REPAIR_ACCOUNT_ID, CAR_REPAIR_PRICE_NAME, CAR_REPAIR_PRICE_DESCRIPTION, CAR_REPAIR_PRICE_PRICE, CAR_REPAIR_ADVICE_ID) VALUES (6, 1, 'Ремня вспомогательных агрегатов замена','', 500, 1);
INSERT INTO CAR_REPAIR_PRICE (CAR_REPAIR_SECTION_ID, CAR_REPAIR_ACCOUNT_ID, CAR_REPAIR_PRICE_NAME, CAR_REPAIR_PRICE_DESCRIPTION, CAR_REPAIR_PRICE_PRICE, CAR_REPAIR_ADVICE_ID) VALUES (6, 1, 'Ремня ГРМ замена','', 500, 1);
INSERT INTO CAR_REPAIR_PRICE (CAR_REPAIR_SECTION_ID, CAR_REPAIR_ACCOUNT_ID, CAR_REPAIR_PRICE_NAME, CAR_REPAIR_PRICE_DESCRIPTION, CAR_REPAIR_PRICE_PRICE, CAR_REPAIR_ADVICE_ID) VALUES (7, 1, '10 000 км.','', 500, 1);
INSERT INTO CAR_REPAIR_PRICE (CAR_REPAIR_SECTION_ID, CAR_REPAIR_ACCOUNT_ID, CAR_REPAIR_PRICE_NAME, CAR_REPAIR_PRICE_DESCRIPTION, CAR_REPAIR_PRICE_PRICE, CAR_REPAIR_ADVICE_ID) VALUES (7, 1, '20 000 км.','', 500, 1);
INSERT INTO CAR_REPAIR_PRICE (CAR_REPAIR_SECTION_ID, CAR_REPAIR_ACCOUNT_ID, CAR_REPAIR_PRICE_NAME, CAR_REPAIR_PRICE_DESCRIPTION, CAR_REPAIR_PRICE_PRICE, CAR_REPAIR_ADVICE_ID) VALUES (7, 1, '30 000 км.','', 500, 1);
INSERT INTO CAR_REPAIR_PRICE (CAR_REPAIR_SECTION_ID, CAR_REPAIR_ACCOUNT_ID, CAR_REPAIR_PRICE_NAME, CAR_REPAIR_PRICE_DESCRIPTION, CAR_REPAIR_PRICE_PRICE, CAR_REPAIR_ADVICE_ID) VALUES (7, 1, '40 000 км.','', 500, 1);
INSERT INTO CAR_REPAIR_PRICE (CAR_REPAIR_SECTION_ID, CAR_REPAIR_ACCOUNT_ID, CAR_REPAIR_PRICE_NAME, CAR_REPAIR_PRICE_DESCRIPTION, CAR_REPAIR_PRICE_PRICE, CAR_REPAIR_ADVICE_ID) VALUES (7, 1, '50 000 км.','', 500, 1);
INSERT INTO CAR_REPAIR_PRICE (CAR_REPAIR_SECTION_ID, CAR_REPAIR_ACCOUNT_ID, CAR_REPAIR_PRICE_NAME, CAR_REPAIR_PRICE_DESCRIPTION, CAR_REPAIR_PRICE_PRICE, CAR_REPAIR_ADVICE_ID) VALUES (7, 1, '60 000 км.','', 500, 1);
INSERT INTO CAR_REPAIR_PRICE (CAR_REPAIR_SECTION_ID, CAR_REPAIR_ACCOUNT_ID, CAR_REPAIR_PRICE_NAME, CAR_REPAIR_PRICE_DESCRIPTION, CAR_REPAIR_PRICE_PRICE, CAR_REPAIR_ADVICE_ID) VALUES (8, 1, 'Рулевая рейка замена','', 500, 1);
INSERT INTO CAR_REPAIR_PRICE (CAR_REPAIR_SECTION_ID, CAR_REPAIR_ACCOUNT_ID, CAR_REPAIR_PRICE_NAME, CAR_REPAIR_PRICE_DESCRIPTION, CAR_REPAIR_PRICE_PRICE, CAR_REPAIR_ADVICE_ID) VALUES (8, 1, 'Насос гидроусилителя замена','', 500, 1);
INSERT INTO CAR_REPAIR_PRICE (CAR_REPAIR_SECTION_ID, CAR_REPAIR_ACCOUNT_ID, CAR_REPAIR_PRICE_NAME, CAR_REPAIR_PRICE_DESCRIPTION, CAR_REPAIR_PRICE_PRICE, CAR_REPAIR_ADVICE_ID) VALUES (8, 1, 'Стойки замена','', 500, 1);
INSERT INTO CAR_REPAIR_PRICE (CAR_REPAIR_SECTION_ID, CAR_REPAIR_ACCOUNT_ID, CAR_REPAIR_PRICE_NAME, CAR_REPAIR_PRICE_DESCRIPTION, CAR_REPAIR_PRICE_PRICE, CAR_REPAIR_ADVICE_ID) VALUES (8, 1, 'Пружины замена','', 500, 1);
INSERT INTO CAR_REPAIR_PRICE (CAR_REPAIR_SECTION_ID, CAR_REPAIR_ACCOUNT_ID, CAR_REPAIR_PRICE_NAME, CAR_REPAIR_PRICE_DESCRIPTION, CAR_REPAIR_PRICE_PRICE, CAR_REPAIR_ADVICE_ID) VALUES (8, 1, 'Шаровой замена','', 500, 1);
INSERT INTO CAR_REPAIR_PRICE (CAR_REPAIR_SECTION_ID, CAR_REPAIR_ACCOUNT_ID, CAR_REPAIR_PRICE_NAME, CAR_REPAIR_PRICE_DESCRIPTION, CAR_REPAIR_PRICE_PRICE, CAR_REPAIR_ADVICE_ID) VALUES (8, 1, 'Рулевой тяги замена','', 500, 1);
INSERT INTO CAR_REPAIR_PRICE (CAR_REPAIR_SECTION_ID, CAR_REPAIR_ACCOUNT_ID, CAR_REPAIR_PRICE_NAME, CAR_REPAIR_PRICE_DESCRIPTION, CAR_REPAIR_PRICE_PRICE, CAR_REPAIR_ADVICE_ID) VALUES (8, 1, 'Рулевого наконечника замена','', 500, 1);
INSERT INTO CAR_REPAIR_PRICE (CAR_REPAIR_SECTION_ID, CAR_REPAIR_ACCOUNT_ID, CAR_REPAIR_PRICE_NAME, CAR_REPAIR_PRICE_DESCRIPTION, CAR_REPAIR_PRICE_PRICE, CAR_REPAIR_ADVICE_ID) VALUES (8, 1, 'Втулки стабилизатора замена','', 500, 1);
INSERT INTO CAR_REPAIR_PRICE (CAR_REPAIR_SECTION_ID, CAR_REPAIR_ACCOUNT_ID, CAR_REPAIR_PRICE_NAME, CAR_REPAIR_PRICE_DESCRIPTION, CAR_REPAIR_PRICE_PRICE, CAR_REPAIR_ADVICE_ID) VALUES (8, 1, 'Стойки стабилизатора замена','', 500, 1);
INSERT INTO CAR_REPAIR_PRICE (CAR_REPAIR_SECTION_ID, CAR_REPAIR_ACCOUNT_ID, CAR_REPAIR_PRICE_NAME, CAR_REPAIR_PRICE_DESCRIPTION, CAR_REPAIR_PRICE_PRICE, CAR_REPAIR_ADVICE_ID) VALUES (8, 1, 'Ступичного подшипника замена','', 500, 1);
INSERT INTO CAR_REPAIR_PRICE (CAR_REPAIR_SECTION_ID, CAR_REPAIR_ACCOUNT_ID, CAR_REPAIR_PRICE_NAME, CAR_REPAIR_PRICE_DESCRIPTION, CAR_REPAIR_PRICE_PRICE, CAR_REPAIR_ADVICE_ID) VALUES (9, 1, '','', 500, 1);


/*CREATE CAR PRICE MANY TO MANY TABLE*/
INSERT INTO CAR_MODEL_REPAIR_PRICE (CAR_MODEL_ID, CAR_REPAIR_PRICE_ID) VALUES (1, 1);
/*add cars to advice*/
INSERT INTO CAR_MODEL_REPAIR_ADVICE(CAR_REPAIR_ADVICE_ID, CAR_MODEL_ID) VALUES (1, 1);
/*PARTS!!!*/
INSERT INTO PART_TYPE (PART_TYPE_NAME) VALUES ('Фильтры');
INSERT INTO PART_STORE (PART_TYPE_ID, PART_STORE_NAME, PART_STORE_VALUE, PART_STORE_PRICE) VALUES (1, 'Фильтр масляный BMW X6', 12, 1400);
/*PURCHASE LOG*/
INSERT INTO PURCHASE_LOG (purchase_log_date, purchase_log_text) VALUES ('20160721', '22.07.2016 15:05 Продали фильтр с маслом');
